,race_american_indian,race_asian,race_black,race_native_hawaiian,race_white,race_other,bike_freq
2,0,0,0,1,0,0,2
5,0,1,0,0,0,0,5
6,0,0,0,0,1,0,5
10,0,1,0,0,0,0,4
12,0,0,1,0,1,0,1
15,0,0,0,0,1,0,5
16,0,0,0,0,1,0,6
18,0,0,0,0,1,0,5
20,0,1,0,0,0,0,5
23,0,0,1,0,0,0,5
28,0,0,1,0,0,0,4
30,0,0,0,0,1,0,5
34,0,0,0,0,1,0,1
37,0,0,0,0,1,0,5
42,0,0,0,0,1,0,5
44,0,0,0,0,0,1,2
48,0,0,1,0,0,0,5
49,0,0,0,0,0,1,1
52,0,0,1,0,0,0,4
53,0,0,0,0,1,0,4
54,0,0,0,0,1,0,5
56,0,0,0,0,1,0,5
58,0,1,0,0,0,0,2
60,0,1,0,0,0,0,5
61,0,0,0,0,1,0,5
65,0,1,0,0,0,0,1
67,0,1,0,0,0,0,4
70,0,1,0,0,0,0,5
74,0,0,1,0,0,0,5
81,0,0,0,0,1,0,5
83,0,0,0,0,1,0,5
85,0,0,0,0,1,0,4
89,0,0,0,0,1,0,1
92,0,0,1,0,0,0,5
98,0,1,0,0,0,0,5
99,0,0,1,0,0,0,5
103,0,0,1,0,0,0,3
105,0,0,0,0,1,0,1
106,0,0,0,0,1,0,4
108,0,0,0,0,1,0,5
110,0,0,0,0,1,0,5
113,0,0,1,0,0,0,5
116,0,0,1,0,0,0,6
117,0,0,0,0,1,0,5
118,0,0,1,0,0,0,4
121,1,0,0,0,0,0,5
125,0,0,0,0,1,0,2
130,0,0,0,0,1,0,5
133,0,0,0,0,1,0,1
134,0,0,0,0,1,0,5
136,0,0,0,0,1,0,5
138,0,0,0,0,1,0,3
139,0,0,0,0,0,1,4
142,0,0,0,0,1,0,1
147,1,0,0,0,0,0,5
149,0,0,1,0,0,0,5
151,0,0,0,0,1,0,5
153,0,0,0,0,1,0,4
160,0,0,0,0,0,1,5
163,0,0,0,0,1,0,5
164,0,0,0,0,1,0,5
167,0,0,0,0,1,0,1
169,0,0,0,0,1,0,2
174,0,0,0,0,1,0,4
176,0,0,0,0,0,1,5
178,0,0,1,0,0,0,5
180,0,0,1,0,0,0,5
181,0,0,0,0,1,0,2
183,0,0,0,0,1,0,5
184,0,0,0,0,1,0,4
186,0,0,0,0,1,0,4
188,0,0,0,0,1,0,4
191,0,0,0,0,1,0,1
192,0,0,0,0,1,0,5
200,0,0,0,0,1,0,3
202,0,0,0,0,1,0,2
206,0,0,1,0,0,0,5
207,0,0,0,0,1,0,5
208,0,0,0,0,1,0,1
211,0,0,0,0,1,0,1
212,0,0,0,0,1,0,5
214,0,0,0,0,1,0,5
217,0,0,0,0,1,0,5
220,0,1,0,0,0,0,4
224,0,0,0,0,1,0,2
232,0,0,0,0,1,0,1
234,0,0,0,0,1,0,2
239,1,0,0,0,0,0,1
240,0,0,0,0,1,0,5
242,0,0,0,0,1,0,6
243,0,1,0,0,0,0,5
246,0,0,0,0,1,0,2
259,0,0,0,0,0,1,5
264,0,1,0,0,0,0,5
266,0,0,0,0,1,0,5
269,0,0,0,0,0,1,3
273,0,0,0,0,0,1,5
276,0,1,0,0,0,0,5
280,0,0,0,0,1,0,5
289,0,0,0,0,0,1,4
290,0,0,0,0,1,0,5
292,0,0,0,0,0,1,1
293,0,0,0,0,1,0,5
294,0,0,0,0,1,0,5
300,0,1,0,0,0,0,5
305,0,0,0,0,0,1,5
307,0,1,0,0,0,0,5
311,0,1,0,0,0,0,5
314,0,1,0,0,0,0,5
322,0,0,0,0,0,1,5
323,1,0,1,0,1,0,3
324,0,0,1,0,0,0,5
325,0,1,0,0,0,0,5
329,0,0,0,0,1,0,1
330,0,0,0,0,1,0,5
331,0,0,0,0,1,0,1
333,0,0,0,0,0,1,1
334,0,1,0,0,0,0,5
336,0,0,0,0,1,0,4
338,0,0,0,0,1,0,5
339,0,0,0,0,1,0,1
344,0,0,0,0,1,0,5
346,0,0,0,0,1,0,5
349,0,1,0,0,0,1,5
351,0,0,0,0,1,0,5
355,0,0,0,0,1,0,4
362,0,0,0,0,1,0,5
363,0,1,0,0,0,0,4
365,0,1,0,0,0,0,5
369,0,1,0,0,0,0,5
371,0,1,0,0,0,0,5
372,0,0,0,0,1,0,5
373,0,0,0,0,1,0,5
375,0,0,0,0,1,0,5
376,0,0,0,0,1,0,5
381,0,0,0,0,1,0,6
384,0,0,0,0,1,0,4
385,0,0,0,0,1,0,5
387,0,0,0,0,1,0,5
388,0,1,0,0,1,0,5
392,0,0,0,0,1,0,5
394,0,0,0,0,1,0,5
396,0,0,0,0,1,0,4
400,0,0,1,0,0,0,5
402,0,0,0,0,1,0,3
403,0,0,0,0,1,0,5
406,0,0,0,0,1,0,4
407,0,0,0,0,0,1,4
409,0,0,0,0,1,0,2
411,0,0,0,0,1,0,3
412,0,1,0,0,0,0,4
416,0,1,0,0,1,0,5
418,0,0,0,0,1,0,5
420,0,0,1,0,0,0,6
422,0,0,0,0,0,1,1
424,0,0,0,0,1,0,3
426,0,0,0,0,1,0,5
427,0,0,0,0,1,0,2
428,0,0,0,0,1,0,5
429,0,0,0,0,1,0,4
431,0,0,0,0,1,0,5
433,0,0,0,0,1,0,5
434,0,0,0,0,1,0,5
437,0,0,0,0,1,0,1
439,0,0,0,0,1,0,1
442,0,1,0,0,0,0,5
443,0,1,0,0,0,0,1
444,0,0,0,0,1,0,2
445,0,0,0,0,1,0,4
446,0,0,0,0,1,0,5
450,0,1,0,0,0,0,4
451,0,1,0,0,0,0,4
455,0,0,0,0,1,0,4
456,0,0,0,0,1,0,5
457,0,0,0,0,1,0,5
458,0,0,0,0,1,0,4
459,0,0,0,0,1,0,1
460,0,0,0,0,1,0,5
463,0,0,0,0,0,1,4
468,0,0,0,0,1,0,5
470,0,0,0,0,1,0,3
472,0,1,0,0,0,0,5
476,0,0,0,0,1,0,5
478,0,0,0,0,1,0,5
480,0,0,0,0,1,0,5
484,0,0,0,0,1,0,5
486,0,0,0,0,1,0,5
492,0,1,0,0,0,0,5
494,0,1,0,0,0,0,5
498,0,1,0,0,0,0,5
504,0,0,0,0,1,0,5
509,0,0,0,0,1,0,5
511,0,0,0,0,1,0,5
513,0,0,0,0,1,0,5
515,0,1,0,0,0,0,2
518,0,1,0,0,0,0,5
522,0,0,0,0,1,0,5
528,0,0,0,0,1,0,5
530,0,1,0,0,0,0,5
531,0,0,0,0,1,0,5
539,0,1,0,0,0,0,5
540,0,1,0,0,0,0,5
541,0,0,0,0,1,0,5
542,0,0,0,0,1,0,2
546,0,0,0,0,1,0,5
550,0,1,0,0,0,0,5
554,0,1,0,0,0,0,5
555,0,1,0,0,0,0,5
558,0,0,1,0,0,0,5
560,0,1,0,0,0,0,5
563,0,1,0,0,0,0,5
566,0,1,0,0,0,0,5
572,0,0,0,0,1,0,5
576,0,1,0,0,0,0,5
584,0,1,0,0,0,0,5
586,0,0,0,0,1,0,5
593,0,1,0,0,0,0,4
595,0,1,0,0,0,0,5
599,0,0,0,0,0,1,5
600,0,0,0,0,1,0,5
604,1,0,0,0,0,0,3
609,0,0,0,0,1,0,5
610,0,1,0,0,0,0,5
612,0,0,0,0,1,0,5
616,0,0,0,0,1,0,5
617,0,0,0,0,1,0,3
620,0,0,0,0,1,0,4
621,0,0,1,0,0,0,5
622,0,0,0,0,1,0,5
624,0,0,0,0,1,0,6
626,0,0,0,0,1,0,5
631,0,0,1,0,0,0,5
632,0,0,1,0,0,0,5
636,0,0,0,0,1,0,5
642,0,0,0,0,1,0,5
647,0,0,0,0,1,0,5
648,0,0,1,0,0,0,5
649,0,0,0,0,1,0,1
653,0,0,1,0,0,0,5
655,0,0,0,0,1,0,2
656,0,0,0,0,1,0,5
658,0,0,0,0,1,0,4
661,0,0,0,0,1,0,4
678,0,0,1,0,0,0,5
690,0,1,0,0,0,0,5
693,0,0,0,0,0,1,5
696,0,0,0,0,1,0,1
701,0,0,0,0,1,0,5
703,0,0,0,0,0,1,4
705,0,0,0,0,0,1,4
712,0,0,0,0,1,0,5
715,0,0,0,0,1,0,5
717,0,0,0,0,0,1,5
723,0,0,1,0,0,0,4
725,0,0,0,0,1,0,5
727,0,0,0,0,1,0,5
731,0,0,1,0,0,0,5
735,0,1,0,0,0,0,5
738,0,0,1,0,0,0,5
744,0,0,0,0,1,0,4
749,0,0,0,0,1,0,5
750,0,0,0,0,1,0,2
754,0,0,1,0,0,0,5
757,0,0,0,0,0,1,4
763,0,0,1,0,0,0,2
764,0,0,1,0,0,0,5
772,1,0,0,0,0,0,5
777,0,0,0,0,1,0,5
780,0,0,0,0,0,1,5
784,0,0,0,0,1,0,5
786,0,0,1,0,0,0,5
791,0,0,0,0,1,0,5
795,0,0,0,0,0,1,5
799,0,0,1,0,0,0,5
802,0,0,0,0,1,0,5
806,0,0,0,0,1,0,5
810,0,0,1,0,0,0,5
812,0,0,1,0,0,0,2
814,0,0,0,0,1,0,5
818,0,0,0,0,1,0,5
821,0,0,1,0,0,1,4
831,1,0,0,0,0,0,5
833,0,0,1,0,0,0,5
836,0,0,0,0,1,0,5
839,0,0,1,0,0,0,5
841,0,0,0,0,0,1,4
843,0,0,1,0,0,0,5
848,0,0,1,0,0,0,4
850,0,0,0,0,1,0,5
853,0,0,0,0,1,0,3
855,0,0,0,0,1,0,5
858,0,0,0,0,1,0,5
860,0,1,0,0,0,0,5
864,0,0,0,0,1,0,5
867,0,0,0,0,1,0,5
868,0,0,0,0,1,0,5
871,0,0,0,1,1,0,4
874,0,1,0,0,0,0,1
878,0,0,1,0,0,0,5
880,0,0,0,0,0,1,5
881,0,0,0,0,1,0,5
883,0,1,0,0,0,0,5
887,0,0,0,0,0,1,1
888,0,0,0,0,1,0,1
890,0,0,1,0,0,0,5
892,0,0,0,0,0,1,4
893,0,0,0,0,1,0,4
894,0,0,1,0,0,0,5
896,0,0,0,0,1,0,5
898,0,0,0,0,1,0,4
900,0,0,0,0,1,0,5
903,0,0,0,0,1,0,5
906,0,0,1,0,0,0,5
909,0,1,0,0,0,0,5
910,0,0,0,0,1,0,5
911,0,0,1,0,0,0,4
913,0,0,1,0,0,0,5
924,0,1,0,0,0,0,3
929,0,1,0,0,0,0,3
933,0,0,0,0,1,0,4
935,0,0,0,0,1,0,1
938,0,0,1,0,0,0,5
942,0,0,0,0,1,0,5
946,0,1,0,0,0,0,5
952,0,0,0,0,0,1,5
957,0,0,1,0,0,0,2
959,0,0,0,0,1,0,5
961,0,0,1,0,0,0,5
964,0,0,0,0,1,0,4
969,0,0,0,0,0,1,5
975,0,0,0,0,0,1,4
986,0,0,1,0,0,0,5
994,0,0,1,0,0,0,4
997,0,0,0,0,1,0,5
999,0,0,0,0,1,0,4
1000,0,0,0,0,1,0,6
1005,0,0,1,0,0,0,5
1014,0,0,0,0,1,0,4
1016,0,0,1,0,0,0,5
1018,0,1,0,0,0,0,5
1024,0,0,0,0,1,0,3
1025,0,1,0,0,0,0,5
1035,0,0,1,0,0,0,5
1036,0,0,0,0,1,0,5
1040,0,0,0,0,1,0,5
1044,0,0,0,0,1,0,5
1046,0,1,0,0,0,0,5
1050,0,1,0,0,0,0,5
1053,0,0,0,0,1,0,4
1058,0,1,0,0,0,0,5
1062,0,0,0,0,1,0,5
1069,0,0,0,0,1,0,5
1070,0,0,0,0,1,0,2
1071,0,0,0,0,1,0,5
1072,0,1,0,0,0,0,5
1073,0,0,0,0,0,1,4
1076,0,0,0,0,1,0,5
1078,0,0,0,0,1,0,5
1081,0,0,0,0,1,0,4
1086,0,0,0,0,0,1,5
1093,0,0,1,0,0,0,5
1095,0,0,1,0,0,0,5
1098,0,0,1,0,0,0,5
1100,0,0,1,0,0,0,5
1102,0,0,0,0,0,1,3
1104,0,0,0,0,1,0,5
1108,0,1,0,0,0,0,5
1110,0,0,1,0,0,0,6
1115,1,0,0,0,0,0,2
1117,0,0,0,0,1,0,2
1118,0,0,0,0,1,0,5
1120,0,0,0,0,1,0,4
1121,0,0,1,0,0,0,5
1125,0,1,0,0,0,0,5
1126,0,0,0,0,1,0,5
1129,0,1,0,0,0,0,5
1135,0,0,1,0,0,0,5
1141,0,0,0,0,1,0,2
1144,0,0,0,0,1,0,5
1146,0,0,0,0,1,0,5
1150,0,0,1,0,0,0,5
1156,0,0,1,0,0,0,5
1159,0,0,0,0,1,0,5
1161,0,0,1,0,0,0,4
1163,0,1,0,0,1,0,3
1168,0,0,0,0,1,0,3
1172,0,1,0,0,0,0,5
1176,0,0,0,0,1,0,4
1177,0,1,0,0,0,0,5
1180,0,1,0,0,0,0,4
1184,0,1,0,0,0,0,5
1187,0,1,0,0,0,0,5
1189,0,0,0,0,1,0,5
1196,0,0,0,0,1,0,5
1198,0,0,1,0,0,0,3
1203,0,0,0,0,1,0,5
1205,0,0,1,0,0,0,5
1206,0,0,0,0,1,0,5
1209,0,1,0,0,0,0,5
1213,0,1,0,0,0,0,4
1216,0,0,0,0,1,0,5
1218,0,0,0,0,1,0,5
1219,0,0,0,0,1,0,5
1221,0,0,0,0,1,0,5
1225,0,0,0,0,1,0,5
1228,0,0,0,0,1,0,5
1230,0,1,0,0,0,0,5
1234,0,1,0,0,0,0,5
1251,0,1,0,0,1,0,4
1254,0,1,0,0,0,0,4
1256,0,0,0,0,0,1,5
1259,0,0,1,0,0,0,5
1263,0,1,0,0,0,0,4
1265,0,0,0,0,0,1,6
1269,0,0,1,0,0,0,5
1270,0,1,0,0,0,0,5
1272,0,0,1,0,0,0,5
1273,0,0,0,0,1,0,5
1276,0,0,0,0,0,1,5
1277,0,0,1,0,0,0,2
1278,0,0,0,0,1,0,5
1282,0,0,0,0,0,1,5
1284,0,0,1,0,0,0,4
1287,0,0,0,0,1,0,5
1289,0,0,1,0,0,0,5
1291,0,0,0,0,1,0,1
1292,0,0,1,0,0,0,2
1294,0,0,1,0,0,0,5
1296,0,0,1,0,0,0,5
1298,0,0,0,0,0,1,5
1302,0,0,0,0,1,0,1
1303,1,0,0,0,0,0,5
1306,0,0,1,0,0,0,5
1308,0,0,1,0,0,0,5
1310,0,0,0,0,1,0,5
1312,0,0,0,0,1,0,5
1317,0,0,0,0,1,0,5
1320,0,0,0,0,0,1,5
1321,0,0,1,0,0,0,2
1324,0,0,1,0,0,1,5
1326,0,0,1,0,0,0,4
1327,0,0,1,0,0,0,5
1331,0,0,0,0,1,0,5
1333,0,0,0,0,1,0,5
1335,0,0,1,0,0,0,5
1338,0,0,0,0,0,1,5
1341,0,0,0,1,0,0,4
1349,0,0,0,0,1,0,4
1351,0,0,1,0,0,0,4
1353,0,0,1,0,0,0,5
1355,0,0,1,0,0,0,5
1358,1,0,0,0,0,0,5
1360,0,0,0,0,1,0,5
1364,0,0,0,0,0,1,5
1365,0,0,1,0,0,0,5
1367,0,0,1,0,0,0,4
1368,0,0,1,0,0,0,5
1376,0,0,0,0,1,0,4
1380,0,0,0,0,0,1,5
1381,0,0,1,0,0,0,5
1384,0,0,1,0,0,0,5
1392,0,0,1,0,0,0,2
1396,0,0,0,0,1,0,5
1403,0,0,0,0,0,1,4
1409,0,0,0,0,1,0,1
1412,0,0,0,0,1,0,2
1416,0,0,0,0,1,1,5
1419,0,0,0,0,1,0,3
1426,0,0,0,0,1,0,2
1429,0,1,0,0,0,0,1
1436,0,0,0,0,1,0,4
1438,0,0,0,0,1,0,5
1440,0,0,1,0,1,0,5
1445,0,0,0,0,1,0,5
1449,0,0,0,0,1,0,5
1451,0,0,0,0,1,0,5
1456,0,0,0,0,1,0,3
1461,0,0,0,0,1,0,4
1465,0,0,0,0,1,0,4
1466,0,0,0,0,0,1,5
1468,0,0,0,0,1,0,5
1470,0,0,0,0,1,0,5
1474,0,0,1,0,0,0,5
1482,0,0,0,0,1,0,2
1488,0,0,0,0,1,1,5
1490,0,0,0,0,1,0,5
1492,0,0,0,0,1,0,5
1498,0,1,0,0,0,0,5
1501,0,0,0,0,1,0,5
1505,0,0,0,0,1,0,5
1509,0,0,0,0,1,0,4
1511,0,1,0,0,0,0,5
1517,0,0,0,0,1,0,1
1519,0,0,0,0,1,0,5
1522,0,0,0,0,1,0,5
1524,0,0,0,0,1,0,2
1525,0,1,0,0,0,0,5
1530,0,0,0,0,1,0,5
1534,0,0,0,0,1,0,2
1538,0,0,0,0,0,1,3
1541,0,1,0,0,0,0,5
1543,0,0,0,0,1,0,5
1545,0,0,0,0,1,0,5
1547,0,0,0,0,1,0,5
1550,0,1,0,0,0,0,5
1552,0,0,0,0,1,0,1
1554,0,1,0,0,0,0,5
1557,0,0,0,0,1,0,5
1559,0,0,0,0,1,0,5
1562,0,0,0,0,1,0,5
1574,0,0,0,0,1,0,5
1578,0,0,0,0,0,1,6
1579,0,0,0,0,1,0,5
1583,0,0,0,0,1,0,5
1585,0,0,0,0,1,0,5
1587,0,0,1,0,1,0,5
1591,0,0,0,0,1,0,1
1596,0,0,0,0,1,0,5
1600,0,0,0,0,1,0,5
1604,0,0,0,0,1,0,5
1610,0,0,1,0,0,0,5
1615,0,0,0,0,1,0,5
1619,0,0,0,0,1,0,1
1620,0,0,0,0,1,0,5
1626,0,1,0,0,0,0,5
1631,0,0,1,0,0,0,2
1638,0,0,0,0,1,0,5
1640,0,0,1,0,0,0,5
1646,0,0,0,0,0,1,5
1647,1,0,1,0,0,0,1
1648,0,0,0,0,1,0,5
1653,0,0,0,0,0,1,5
1656,0,0,0,0,1,0,5
1657,0,0,0,0,1,0,5
1663,0,0,0,0,1,0,2
1665,0,0,1,0,0,0,5
1669,0,0,0,0,1,0,4
1671,0,1,0,0,0,0,3
1678,0,1,0,0,0,0,5
1684,0,0,0,0,1,0,5
1686,0,0,1,0,0,0,5
1688,0,0,1,0,1,0,5
1691,0,0,0,0,1,0,4
1692,0,0,0,0,1,0,5
1703,0,0,0,0,1,0,5
1705,0,0,0,0,1,0,5
1708,0,0,0,0,1,0,4
1715,0,1,0,0,0,0,6
1718,0,1,0,0,0,0,5
1720,0,0,0,0,1,0,1
1726,0,0,0,0,1,0,5
1731,0,0,0,0,1,0,5
1734,0,0,1,0,0,0,5
1736,0,0,0,0,1,0,5
1738,0,0,0,0,0,1,4
1742,0,1,0,0,0,0,2
1748,0,0,0,0,1,0,1
1749,0,1,0,0,0,0,5
1753,0,0,0,0,1,0,5
1755,0,0,0,0,1,0,4
1757,0,0,0,0,1,0,3
1760,0,0,0,0,1,0,5
1761,0,0,0,0,1,0,4
1764,0,0,0,0,1,0,4
1767,0,0,0,0,1,0,5
1768,0,0,0,0,1,0,3
1769,0,0,0,0,1,0,5
1771,0,1,0,0,0,0,4
1772,0,0,1,0,0,0,5
1773,0,1,0,0,0,0,5
1779,0,0,1,0,0,0,5
1782,0,1,0,0,0,0,5
1785,0,0,1,0,0,0,4
1795,1,0,1,1,1,0,5
1797,0,0,0,0,0,1,4
1798,1,0,1,0,0,0,1
1802,0,0,0,0,0,1,5
1808,0,0,0,0,1,0,1
1809,0,0,0,0,1,0,5
1811,0,0,0,0,1,0,3
1813,0,0,0,0,1,0,5
1815,0,0,0,0,1,0,5
1817,0,0,0,0,1,0,1
1819,0,0,0,0,1,0,5
1820,0,0,0,0,1,0,5
1822,0,1,0,0,0,0,2
1826,0,0,0,0,1,0,1
1829,0,0,0,0,1,0,1
1831,0,0,0,0,1,0,5
1834,0,0,0,0,1,0,1
1835,0,0,1,0,0,0,1
1838,0,0,1,0,0,0,4
1842,0,0,0,0,1,0,5
1843,0,0,0,0,1,0,1
1844,0,0,0,0,1,0,2
1846,0,0,1,0,0,0,4
1848,0,0,0,0,1,0,5
1850,0,0,1,0,0,0,5
1852,0,0,0,0,1,0,3
1854,0,1,0,0,0,0,5
1856,0,0,1,0,1,0,5
1858,0,0,0,0,1,0,5
1864,0,0,0,0,1,0,1
1869,0,0,1,0,0,0,5
1872,0,0,1,0,0,0,5
1874,0,0,0,0,1,0,1
1875,0,0,0,0,1,0,5
1876,0,0,0,0,1,0,5
1878,0,0,0,0,1,0,1
1883,0,1,0,0,0,0,5
1890,0,0,0,0,0,1,4
1892,0,0,1,0,0,0,5
1900,0,0,0,0,1,0,1
1906,0,1,0,0,0,0,5
1911,0,1,0,0,0,0,5
1916,0,1,0,0,0,0,2
1918,0,0,0,0,1,1,5
1923,0,0,0,0,0,1,6
1930,0,0,0,0,0,1,3
1934,0,1,0,0,0,0,4
1939,0,1,0,0,0,0,4
1944,0,1,0,0,0,0,5
1945,0,0,0,0,1,0,5
1949,0,1,0,0,0,0,5
1956,0,1,0,0,0,0,5
1959,0,1,0,0,0,0,5
1961,0,1,0,0,0,0,5
1963,0,1,0,0,0,0,5
1966,0,0,0,0,1,0,5
1968,0,0,0,0,1,0,3
1970,0,0,0,0,1,0,5
1972,0,0,0,0,1,0,5
1974,0,0,0,0,1,0,5
1977,0,0,0,0,1,0,5
1984,0,1,0,0,0,0,5
1985,0,0,0,0,1,0,5
1991,0,0,0,0,1,0,5
1992,0,1,0,0,0,0,5
1996,0,0,1,0,0,0,5
1998,0,0,1,0,0,0,5
2001,0,0,0,0,1,0,5
2004,0,0,1,0,0,0,4
2006,0,1,0,0,0,0,5
2008,0,0,0,0,1,0,2
2013,0,0,0,0,1,0,4
2014,0,0,0,0,0,1,5
2017,0,0,0,0,1,0,5
2020,1,0,0,0,1,0,5
2021,0,0,1,0,0,0,5
2022,0,0,1,0,0,0,5
2024,0,0,1,0,0,0,5
2030,0,0,0,0,1,0,5
2032,0,0,1,0,0,1,5
2033,0,0,0,0,1,0,5
2037,0,0,0,0,1,0,5
2039,0,0,0,0,1,0,2
2044,0,0,0,0,0,1,6
2046,0,0,0,0,1,0,1
2047,0,1,0,0,0,0,1
2049,0,0,0,0,1,0,5
2053,0,0,0,0,0,1,5
2055,0,0,0,0,1,0,5
2057,0,1,0,0,1,0,5
2059,0,0,0,0,1,0,5
2061,0,0,0,1,0,0,5
2062,0,0,0,0,1,0,4
2063,0,0,0,0,1,0,5
2064,0,0,0,0,1,0,1
2065,0,0,0,0,1,0,5
2067,0,1,0,0,0,0,5
2069,0,0,0,0,1,0,5
2070,0,1,0,0,0,0,4
2071,0,0,0,0,1,0,4
2072,0,0,0,0,1,0,5
2074,0,0,0,0,1,0,5
2076,0,1,0,0,0,0,5
2078,0,0,0,0,1,0,5
2080,0,0,0,0,1,0,5
2081,0,0,0,0,1,0,1
2082,0,0,0,0,1,0,5
2084,0,0,1,0,0,0,5
2085,0,0,0,0,1,0,1
2089,0,0,0,0,1,0,5
2091,0,0,0,0,1,0,5
2092,0,0,0,0,1,0,1
2094,0,0,0,0,1,0,5
2095,0,0,0,0,1,0,5
2096,0,0,0,0,1,0,5
2098,0,0,0,0,1,0,5
2100,0,0,0,0,1,0,1
2101,0,0,0,0,1,0,1
2103,0,1,0,0,0,0,4
2106,0,1,0,0,0,0,5
2110,0,0,0,0,1,0,5
2112,0,1,0,0,1,0,3
2113,0,0,0,0,1,0,5
2115,0,0,0,0,1,0,4
2117,0,0,0,0,1,0,4
2118,0,0,0,0,1,1,5
2119,0,0,0,0,0,1,5
2120,0,1,0,0,0,0,5
2124,0,1,0,0,0,0,5
2127,0,0,0,0,1,0,2
2128,0,0,0,0,1,0,4
2134,0,0,1,0,0,0,5
2137,0,0,1,0,1,0,5
2141,0,1,0,0,0,0,5
2143,0,1,0,0,0,0,5
2150,0,1,0,0,0,0,6
2151,0,1,0,0,0,0,4
2152,0,0,0,0,1,0,5
2153,0,1,0,0,0,0,5
2154,0,1,0,0,0,0,4
2161,0,1,0,0,0,0,3
2162,0,0,0,0,1,0,5
2166,0,1,0,0,0,0,5
2172,0,0,0,0,1,0,1
2175,0,1,0,0,0,0,4
2177,0,0,0,0,1,0,5
2178,0,0,0,0,0,1,5
2180,0,1,0,1,0,0,5
2185,0,0,0,0,1,0,5
2192,0,1,0,0,0,0,5
2195,0,0,1,0,0,0,5
2206,0,0,0,0,1,0,1
2208,0,0,0,0,0,1,5
2211,1,0,1,0,1,0,1
2213,0,0,0,0,0,1,5
2214,0,0,0,0,1,0,5
2216,0,0,1,0,0,0,1
2217,0,0,0,0,1,0,5
2221,0,0,0,0,1,0,1
2224,0,0,0,0,1,0,5
2228,0,1,0,0,0,0,5
2229,0,0,0,0,1,0,5
2231,0,0,1,0,0,0,5
2232,0,1,0,0,0,0,5
2233,0,0,0,0,0,1,5
2236,0,0,0,0,1,0,5
2237,0,0,0,0,1,0,5
2245,0,0,0,0,1,0,5
2252,0,1,0,0,0,0,5
2256,0,1,0,0,0,0,4
2257,0,0,0,0,0,1,1
2259,0,1,0,0,0,0,5
2261,0,0,0,0,0,1,5
2271,0,0,0,0,1,0,5
2272,0,1,0,0,0,0,5
2276,0,0,0,0,1,0,5
2278,0,1,0,0,0,0,5
2287,0,1,0,0,0,0,5
2289,0,0,0,0,1,0,5
2292,0,1,0,0,0,0,5
2293,0,0,1,0,0,0,5
2296,0,0,0,0,0,1,2
2298,0,0,0,0,1,0,5
2303,0,0,1,0,0,0,5
2316,1,0,1,0,0,0,5
2320,0,0,1,0,0,0,5
2324,0,0,0,0,1,0,5
2327,0,0,0,0,1,0,5
2331,0,0,0,0,1,0,5
2332,0,1,0,0,1,0,5
2333,0,0,1,0,0,0,5
2334,0,0,0,0,1,0,5
2336,0,0,0,0,1,0,5
2337,0,0,0,0,0,1,5
2339,0,0,0,0,1,0,5
2340,0,0,1,0,0,0,3
2341,0,0,0,0,1,0,5
2347,0,0,0,0,0,1,5
2348,0,0,0,0,1,0,5
2352,0,0,1,0,0,0,5
2359,0,0,1,0,0,0,5
2362,0,0,1,0,0,0,2
2364,0,0,0,0,1,0,5
2376,0,1,0,0,0,0,2
2379,0,0,1,0,0,0,6
2387,0,0,0,0,1,0,2
2388,0,0,0,0,1,0,5
2389,0,0,1,0,0,0,4
2392,0,0,1,0,0,0,5
2396,0,0,1,0,0,0,5
2399,0,0,1,0,0,0,5
2401,0,0,0,0,0,1,5
2404,0,0,0,0,0,1,5
2405,0,0,1,0,0,0,2
2406,0,0,1,0,0,0,4
2409,0,0,0,0,1,0,5
2411,0,0,0,0,1,0,5
2414,0,0,1,0,0,0,4
2418,0,0,0,0,1,0,5
2419,0,0,0,0,1,0,5
2421,0,1,0,0,0,0,5
2424,0,0,0,0,0,1,5
2426,0,0,0,0,1,0,4
2428,0,0,1,0,0,0,4
2430,0,0,0,0,1,0,5
2442,0,0,1,0,0,0,5
2443,0,0,1,0,0,0,5
2447,0,0,1,0,0,0,5
2451,0,0,1,0,0,0,6
2452,0,1,0,0,0,0,5
2456,0,0,0,0,1,0,5
2458,0,0,0,0,0,1,5
2461,0,0,1,0,0,1,3
2463,1,0,0,0,0,0,5
2466,0,0,1,0,1,0,5
2470,0,0,0,0,1,0,5
2472,0,0,0,0,1,0,1
2474,0,0,1,0,0,0,5
2477,0,1,0,0,0,0,5
2478,0,1,0,0,1,0,4
2483,0,0,0,0,1,0,4
2485,0,0,1,0,0,0,5
2487,0,0,0,0,1,0,5
2490,0,0,1,0,0,0,4
2492,0,0,0,0,1,0,5
2493,0,0,0,0,1,0,4
2496,0,0,0,0,1,0,5
2498,0,0,0,0,1,0,5
2499,0,0,0,0,1,0,5
2501,0,0,0,0,0,1,2
2504,0,0,0,0,1,0,5
2506,0,0,0,0,1,0,1
2509,0,0,1,0,0,0,3
2512,0,0,0,0,1,0,5
2513,0,1,0,0,0,0,4
2515,0,0,0,0,1,0,5
2516,0,1,0,0,0,0,1
2517,0,0,0,0,1,0,5
2520,0,0,0,0,1,0,5
2521,0,0,0,0,1,0,5
2523,0,0,0,0,1,0,5
2527,0,0,0,0,1,0,1
2530,0,0,0,0,1,0,4
2531,0,1,0,0,0,0,2
2533,0,1,0,0,0,0,5
2534,0,1,0,0,0,0,5
2535,0,0,0,0,1,0,5
2537,1,0,0,0,1,0,4
2543,0,0,0,0,0,1,5
2546,0,0,0,0,1,0,5
2548,0,0,0,0,1,0,3
2553,0,0,0,0,1,0,5
2555,0,0,0,0,1,0,5
2556,0,0,0,0,1,0,5
2557,0,0,0,0,1,0,5
2560,0,0,0,0,1,0,5
2562,0,0,0,0,1,0,4
2563,0,0,0,0,1,0,5
2567,0,0,0,0,1,0,5
2569,0,0,0,0,1,0,3
2572,0,1,0,0,0,0,5
2575,0,0,0,0,1,0,4
2579,0,0,0,0,1,0,5
2581,0,1,0,0,0,0,6
2585,0,1,0,0,0,0,5
2588,0,0,0,0,1,0,5
2589,0,0,0,0,1,0,5
2591,0,0,1,0,0,0,5
2592,0,0,1,0,0,0,1
2593,0,0,0,0,1,0,5
2595,0,0,0,0,1,0,5
2597,0,1,0,0,0,0,4
2599,0,0,0,0,1,0,5
2602,0,0,0,0,1,0,4
2607,0,1,0,0,0,0,5
2612,0,0,0,0,1,0,5
2613,0,1,0,0,0,0,5
2615,0,1,0,0,0,0,4
2616,0,0,0,0,1,0,1
2618,0,0,0,0,1,0,5
2621,1,0,0,0,0,0,5
2625,0,0,0,0,1,0,4
2632,0,0,1,0,0,0,5
2635,0,0,1,0,0,0,4
2637,0,1,0,0,0,0,5
2641,0,1,0,0,0,0,3
2645,0,0,0,0,1,0,5
2649,0,0,1,0,0,1,5
2651,0,1,0,0,0,0,5
2653,0,0,1,0,0,0,5
2658,0,0,0,0,0,1,5
2661,0,0,0,0,1,0,5
2664,0,0,1,0,0,0,5
2672,0,1,0,0,0,0,4
2680,0,1,0,0,0,0,5
2681,0,0,0,0,1,0,5
2683,0,0,0,0,1,0,5
2687,0,0,0,0,1,0,5
2688,0,0,1,0,0,0,5
2693,0,0,1,0,0,0,5
2695,0,0,1,0,0,0,5
2698,0,1,0,0,0,0,5
2699,0,1,0,0,0,0,5
2701,0,1,0,0,0,0,4
2702,0,0,1,0,0,0,2
2708,0,0,0,0,1,0,5
2711,0,0,1,0,0,0,5
2716,0,1,0,0,0,0,5
2718,0,0,0,0,1,0,5
2721,0,0,0,0,1,0,5
2725,0,0,1,0,0,0,4
2726,0,0,0,0,1,0,2
2729,0,0,0,0,1,0,5
2736,0,0,1,0,0,0,5
2737,0,1,0,0,0,0,5
2741,0,0,1,0,0,0,4
2746,0,0,1,0,0,0,6
2751,0,0,0,0,1,0,4
2755,0,0,0,0,1,0,6
2760,0,1,0,0,0,0,2
2763,0,1,0,0,0,0,5
2764,0,1,0,0,0,0,5
2766,0,0,0,0,1,0,5
2772,0,0,0,0,1,0,5
2781,0,0,1,0,0,0,4
2785,0,0,0,0,1,0,5
2789,0,0,0,0,1,0,5
2791,0,0,1,0,0,0,2
2793,0,1,0,0,0,0,5
2797,0,1,1,0,0,0,5
2800,0,0,0,0,1,0,5
2804,0,0,0,0,1,0,4
2808,0,0,0,0,1,0,5
2813,0,0,0,0,1,0,5
2818,0,0,0,0,0,1,5
2820,0,0,1,0,0,0,5
2821,0,0,1,0,0,0,5
2823,0,1,0,0,0,0,5
2827,0,0,0,0,1,0,2
2829,0,1,0,0,0,0,5
2833,0,0,0,0,1,0,5
2836,0,0,1,0,0,0,5
2840,0,0,0,0,1,0,3
2843,0,1,0,0,0,0,3
2846,0,0,1,0,0,0,5
2848,0,1,0,0,0,0,5
2850,0,1,0,0,0,0,5
2854,0,0,1,0,0,0,5
2856,0,1,0,0,0,0,5
2857,0,0,0,0,0,1,5
2860,0,0,0,0,0,1,5
2862,0,0,1,0,0,0,5
2865,0,0,0,0,1,0,5
2868,0,0,1,0,0,0,5
2870,0,1,0,0,0,0,5
2876,0,0,1,0,0,0,4
2877,0,0,0,0,1,0,5
2878,0,0,0,0,1,0,5
2882,0,1,0,0,0,0,1
2884,0,0,0,0,0,1,5
2892,1,0,1,0,0,1,4
2893,0,0,1,0,0,0,5
2895,0,0,0,0,1,0,5
2899,0,0,0,0,1,0,5
2903,0,0,0,0,0,1,3
2905,0,0,0,0,1,0,5
2906,0,0,1,0,0,0,5
2910,0,0,1,0,0,0,6
2913,0,0,1,0,0,0,5
2918,0,0,1,0,0,0,5
2920,0,0,1,0,0,0,5
2924,0,0,0,0,1,0,5
2927,0,0,0,0,0,1,3
2928,0,0,1,0,0,0,2
2933,0,0,0,0,0,1,4
2935,0,0,1,0,0,0,5
2946,0,0,1,0,0,0,5
2951,0,0,1,0,0,0,5
2953,0,0,0,0,1,0,5
2956,0,0,0,0,1,0,5
2960,0,0,0,0,0,1,6
2962,0,0,0,0,0,1,1
2965,0,0,1,0,0,0,5
2968,0,0,0,0,1,0,3
2972,0,1,0,0,0,0,5
2973,0,0,0,0,1,0,5
2976,1,1,1,0,0,0,5
2980,0,0,1,0,0,0,5
2986,0,0,1,0,0,0,5
2988,0,0,0,0,0,1,5
2991,0,0,1,0,0,0,5
2995,0,0,0,0,1,0,5
2996,0,0,1,0,0,0,5
3000,0,0,1,0,0,0,5
3005,0,0,1,0,0,0,6
3007,0,0,0,0,1,0,5
3009,0,0,1,0,0,0,5
3012,0,0,0,0,0,1,1
3022,0,0,0,0,0,1,5
3024,0,0,0,0,0,1,5
3027,0,1,0,0,0,0,4
3032,0,0,0,0,1,0,5
3038,0,0,0,0,1,0,5
3048,0,0,0,0,0,1,5
3051,0,0,0,0,1,0,5
3062,0,0,0,0,1,0,5
3063,0,0,0,0,1,0,5
3068,0,0,1,0,0,0,3
3069,0,0,0,0,1,0,5
3071,0,0,0,0,1,0,2
3075,0,1,0,0,0,0,5
3077,0,0,0,0,1,0,5
3084,0,0,0,0,1,0,1
3086,0,0,0,0,1,0,4
3087,0,1,0,0,0,0,5
3093,0,0,0,0,1,0,5
3097,0,0,0,0,1,0,5
3100,0,0,0,0,1,0,5
3104,0,1,0,0,0,0,4
3108,0,0,0,0,1,0,4
3110,0,0,0,0,1,0,5
3112,0,1,0,0,0,0,2
3115,0,0,0,0,1,0,5
3119,0,0,0,0,0,1,5
3123,0,0,0,0,1,0,5
3124,0,0,0,0,1,0,5
3126,0,0,0,0,1,0,4
3129,1,0,0,0,1,0,5
3131,0,1,0,0,0,0,4
3135,0,0,0,0,1,0,5
3138,0,0,0,0,1,0,4
3140,0,0,0,0,1,0,5
3145,0,0,0,0,1,0,5
3150,0,0,0,0,0,1,5
3152,0,0,1,0,0,0,5
3159,0,0,0,0,1,0,5
3161,0,0,0,0,1,0,5
3163,0,1,0,0,0,0,5
3166,0,0,0,0,1,0,5
3168,0,1,0,0,0,0,1
3170,0,0,0,0,1,0,5
3173,0,0,0,0,1,0,5
3175,0,1,0,0,0,0,5
3177,0,1,0,0,0,0,5
3181,0,0,0,0,1,0,5
3184,0,0,0,0,1,0,5
3187,0,0,0,0,1,0,4
3191,0,0,0,0,1,0,5
3208,0,0,0,0,1,0,1
3209,0,0,0,0,1,0,4
3211,0,0,0,0,1,0,5
3214,0,0,1,0,0,0,5
3217,0,0,0,0,1,0,5
3221,0,0,0,0,1,0,4
3225,0,0,0,0,1,0,1
3226,0,0,1,0,0,0,5
3234,0,0,0,0,0,1,5
3238,0,0,0,0,1,0,5
3239,0,0,1,0,0,0,6
3246,0,0,0,0,1,0,5
3248,0,0,0,0,1,0,5
3250,0,0,1,0,0,0,5
3259,0,0,0,0,1,0,5
3262,0,0,0,0,1,0,5
3265,0,0,0,0,1,0,5
3268,0,0,0,0,1,0,1
3271,0,1,0,0,0,0,5
3276,0,0,0,0,0,1,4
3282,0,0,1,0,0,0,1
3288,0,0,0,0,1,0,5
3290,0,0,1,0,0,0,5
3293,0,1,0,0,0,0,5
3295,0,0,0,0,1,0,5
3297,0,0,0,0,1,0,4
3298,0,0,0,0,1,0,4
3299,0,0,0,0,1,0,3
3304,0,0,0,0,1,0,1
3308,0,0,0,0,1,0,5
3309,0,0,0,0,1,0,2
3310,0,0,0,0,1,0,5
3314,0,0,0,0,1,0,1
3316,0,1,0,0,0,0,5
3318,0,0,0,0,1,0,5
3320,0,0,1,0,0,0,5
3329,0,0,1,0,0,0,5
3332,0,0,0,0,0,1,1
3339,0,0,0,0,1,0,1
3342,0,0,0,0,0,1,4
3349,0,0,1,0,0,0,5
3351,0,0,1,0,0,0,5
3356,0,0,0,0,1,0,4
3359,0,0,0,0,1,0,4
3365,0,0,0,0,1,0,4
3366,0,0,0,0,1,0,4
3368,0,0,0,0,1,0,5
3371,0,0,0,0,1,0,4
3375,0,0,0,0,0,1,2
3377,0,0,0,0,1,0,5
3378,0,0,0,0,1,0,5
3380,0,1,0,0,0,0,2
3382,0,0,0,0,1,0,5
3384,0,0,0,0,1,0,1
3387,0,0,0,0,1,0,5
3388,0,0,0,0,0,1,4
3390,0,1,0,0,1,0,5
3391,0,0,0,0,1,0,1
3392,0,0,0,0,1,0,1
3394,0,0,0,0,1,0,5
3397,0,0,0,0,1,0,5
3400,0,1,0,0,0,0,5
3403,0,0,0,0,1,0,5
3405,0,0,1,0,0,0,5
3408,0,0,0,0,1,0,1
3410,0,0,0,0,1,0,5
3412,0,0,0,0,1,0,5
3414,0,1,0,0,0,0,5
3415,0,0,0,0,1,0,6
3417,0,0,0,0,1,0,4
3421,0,1,0,0,0,0,5
3424,0,0,0,0,1,0,5
3425,0,0,0,0,1,0,1
3428,0,0,0,0,1,0,5
3432,0,0,0,0,1,0,5
3434,0,0,0,0,1,0,5
3436,0,0,0,0,1,0,4
3438,0,0,0,0,1,0,4
3441,0,1,0,0,0,0,4
3442,1,0,1,0,1,0,5
3453,0,1,0,0,0,0,5
3457,0,0,0,0,0,1,3
3459,0,0,1,0,0,0,5
3465,0,0,0,0,0,1,5
3466,0,0,0,0,1,0,5
3469,0,0,0,0,1,0,5
3470,0,1,0,0,0,0,5
3471,0,0,0,0,1,0,5
3473,0,0,0,0,1,0,5
3474,0,1,0,0,0,0,5
3479,0,1,0,0,0,0,3
3484,0,0,1,0,0,0,5
3486,0,0,0,0,1,0,5
3490,0,1,0,0,0,0,1
3493,0,0,0,0,1,0,5
3494,0,1,0,0,0,0,2
3496,0,1,0,0,0,0,5
3500,0,1,0,0,0,0,5
3504,0,1,0,0,0,0,5
3506,0,0,0,0,1,0,4
3507,0,0,1,0,0,0,5
3508,0,0,0,0,0,1,5
3509,0,0,0,0,1,0,1
3513,0,1,0,0,0,0,5
3515,0,1,0,0,0,0,5
3517,0,0,0,0,1,0,2
3520,0,0,0,0,1,0,1
3521,0,0,0,0,1,0,5
3525,0,1,0,0,0,0,5
3527,0,0,0,0,0,1,5
3529,0,0,0,0,1,0,5
3535,0,0,0,0,0,1,4
3537,0,1,0,0,0,0,5
3541,0,1,0,0,1,0,4
3542,0,0,0,0,1,0,4
3548,0,0,0,0,1,0,1
3550,0,1,0,0,0,0,5
3558,0,1,0,0,0,0,5
3563,0,0,0,0,1,0,5
3565,0,0,0,0,1,0,1
3570,0,0,0,0,1,0,5
3572,0,1,0,0,0,0,3
3575,0,1,0,0,0,0,4
3576,0,0,0,0,1,0,2
3580,0,0,0,0,1,0,5
3582,0,1,0,0,0,0,5
3583,0,0,0,0,1,0,5
3587,0,0,0,0,1,0,5
3590,1,0,0,0,0,0,1
3592,0,1,0,0,1,0,6
3593,0,0,0,0,1,0,5
3595,0,1,0,0,0,0,5
3597,0,1,0,0,0,0,1
3599,0,0,0,0,1,0,5
3601,0,1,0,0,0,0,1
3603,0,0,0,0,1,0,5
3606,0,0,0,0,1,0,5
3607,0,0,0,0,1,0,4
3611,0,0,0,0,1,0,4
3613,0,1,0,0,1,0,5
3615,0,0,0,0,1,0,5
3619,0,1,0,0,0,0,5
3623,0,0,0,0,1,0,5
3625,0,0,0,0,1,0,3
3628,0,0,0,0,1,0,1
3629,0,0,0,0,1,0,1
3631,0,0,0,0,1,0,5
3632,0,0,0,0,1,0,5
3634,0,0,0,0,1,0,2
3636,0,1,0,0,0,0,5
3637,0,0,0,0,1,0,5
3638,0,0,0,0,1,0,5
3640,0,0,0,0,1,0,1
3642,0,0,0,0,1,0,5
3645,0,1,0,0,0,0,5
3650,0,0,0,0,1,0,5
3653,0,0,0,0,1,0,1
3655,0,0,0,0,1,0,5
3659,0,1,0,0,0,0,5
3663,0,1,0,0,1,0,5
3664,0,0,0,0,1,0,5
3665,0,0,0,0,1,0,1
3668,0,0,0,0,1,0,5
3672,0,0,0,0,1,0,4
3675,0,0,0,0,1,0,1
3676,0,0,0,0,1,0,3
3678,0,1,0,0,0,0,4
3688,0,1,0,0,0,0,5
3689,0,0,0,0,1,0,5
3694,0,0,0,0,0,1,4
3696,0,1,0,0,0,0,5
3700,0,1,0,0,0,0,5
3705,0,1,0,0,0,0,5
3707,0,0,0,0,0,1,5
3710,0,1,0,0,0,0,5
3711,0,1,0,0,1,0,5
3714,0,1,0,0,0,0,5
3721,0,1,0,0,0,0,5
3725,0,1,0,0,0,0,5
3727,0,1,0,0,0,0,5
3730,0,0,0,0,1,0,4
3733,0,1,0,0,0,0,1
3735,0,0,0,0,1,0,2
3738,0,0,0,0,1,0,5
3742,0,1,0,0,0,0,5
3746,0,0,0,0,1,0,5
3747,0,0,0,0,1,0,5
3751,0,0,0,0,0,1,5
3757,0,1,0,0,0,0,5
3761,0,0,0,0,1,0,5
3765,0,1,0,0,0,0,5
3766,0,0,0,0,1,0,5
3777,0,1,0,0,0,0,5
3783,0,1,0,0,0,0,5
3785,0,1,0,0,1,1,5
3791,0,1,0,0,0,0,5
3795,0,0,0,0,1,0,5
3798,0,0,0,0,1,0,4
3809,0,0,0,0,1,0,5
3811,0,0,1,0,0,0,5
3813,0,0,0,0,1,0,1
3815,0,1,0,0,0,0,5
3818,0,1,0,0,0,0,5
3819,0,0,0,0,1,0,4
3821,0,0,0,0,0,1,4
3824,0,1,0,0,0,0,4
3826,0,0,0,0,1,0,3
3828,0,0,0,0,1,0,5
3832,0,0,0,0,1,0,5
3836,0,1,0,0,0,0,1
3839,0,0,0,0,1,0,5
3840,0,0,1,0,0,0,4
3850,0,0,0,0,1,0,4
3855,0,0,1,0,0,0,5
3858,1,0,1,0,1,0,5
3870,0,0,0,0,0,1,5
3871,0,0,0,0,1,0,4
3877,0,0,1,0,0,0,5
3882,0,0,0,0,1,0,5
3886,0,0,1,0,0,0,5
3889,0,0,1,0,0,0,5
3891,0,0,1,0,1,0,5
3900,0,0,1,0,0,0,5
3901,0,0,0,0,1,0,5
3909,0,0,0,0,1,0,5
3912,0,0,0,0,0,1,5
3914,0,0,0,0,1,0,5
3917,0,0,1,0,0,0,5
3920,0,0,0,0,1,0,4
3927,0,0,1,0,0,0,5
3928,0,0,1,0,0,0,5
3932,1,0,1,0,0,0,5
3939,0,0,0,0,1,0,5
3942,0,0,0,0,1,0,6
3945,0,0,1,0,0,0,1
3947,0,0,0,0,1,0,4
3950,0,0,0,0,0,1,5
3961,0,0,0,0,0,1,5
3962,0,0,0,0,1,0,5
3967,0,0,0,0,1,0,5
3970,0,0,0,0,1,0,5
3974,0,0,0,0,1,0,2
3975,0,0,1,0,0,0,5
3982,0,0,0,0,1,0,5
3985,0,0,1,0,0,0,5
3986,0,0,0,0,0,1,5
3990,0,1,0,0,0,0,1
3991,0,0,1,0,0,0,5
3994,0,0,0,0,1,0,5
3997,0,0,0,0,0,1,5
3999,0,0,1,0,0,0,5
4004,0,0,0,0,0,1,5
4005,0,0,1,0,0,0,5
4006,0,1,0,0,0,0,4
4007,0,0,0,0,1,0,5
4009,0,1,0,0,0,0,5
4014,0,0,0,0,0,1,4
4016,0,0,0,0,1,0,5
4021,0,0,0,1,0,0,3
4024,0,0,0,0,1,0,2
4026,0,0,1,0,0,0,5
4027,0,0,1,0,0,0,5
4028,0,0,1,0,0,0,5
4030,0,0,0,0,1,0,5
4033,0,0,1,0,0,0,5
4035,0,0,0,1,0,0,1
4036,0,0,1,0,0,0,5
4038,0,0,1,0,0,0,5
4042,0,0,0,0,1,0,3
4046,0,0,1,0,1,0,5
4050,0,1,0,0,0,0,5
4055,0,0,0,0,1,0,1
4057,0,0,0,0,1,0,5
4059,0,0,0,0,1,0,5
4062,0,0,0,0,0,1,5
4066,0,0,0,0,1,0,5
4068,1,0,1,0,0,0,4
4070,0,0,0,0,1,0,5
4071,0,0,0,0,1,0,4
4077,0,0,0,0,1,0,5
4081,0,1,0,0,0,0,4
4083,0,0,0,0,1,0,2
4084,0,0,1,0,0,0,5
4085,0,0,0,0,1,0,1
4093,1,0,1,0,0,0,5
4094,0,0,0,0,1,0,5
4097,0,0,0,0,1,0,5
4099,0,0,0,0,1,0,5
4101,0,0,0,0,1,0,5
4107,0,0,0,0,1,0,5
4108,0,0,0,0,1,0,4
4110,0,0,1,0,0,0,4
4115,0,0,0,0,0,1,4
4117,0,0,0,0,1,0,4
4118,0,0,1,0,0,0,4
4120,0,0,0,0,1,0,4
4121,0,0,0,0,1,0,5
4123,0,0,0,0,1,0,5
4125,0,0,0,0,0,1,5
4126,0,0,0,0,1,0,5
4128,0,0,0,0,1,0,2
4130,0,1,0,0,0,0,5
4133,0,0,0,0,1,0,4
4134,0,0,0,0,1,0,1
4135,0,0,0,0,1,0,5
4141,0,0,1,0,0,0,3
4143,0,0,1,0,0,0,5
4146,0,1,0,0,0,0,5
4147,0,0,0,0,1,0,5
4148,0,0,0,0,1,0,5
4150,0,0,0,0,1,0,5
4152,0,0,0,0,0,1,4
4156,0,0,0,0,1,0,5
4161,0,1,0,0,0,0,5
4162,0,0,1,0,0,0,6
4167,0,1,0,0,0,0,4
4172,0,1,0,0,0,0,5
4176,0,0,0,0,1,0,5
4179,0,1,0,0,0,0,5
4180,0,0,0,0,1,0,5
4186,0,0,0,0,0,1,5
4189,0,0,0,0,1,0,5
4191,0,0,1,0,0,0,4
4192,0,0,0,0,1,0,5
4194,0,0,0,0,1,0,5
4196,0,0,0,0,1,0,5
4197,0,0,0,0,1,0,5
4201,0,0,0,0,1,0,5
4206,0,0,0,0,1,0,6
4214,0,0,1,0,0,0,5
4218,0,0,0,0,1,0,2
4221,0,1,0,0,0,0,2
4222,0,1,0,0,0,0,4
4226,0,0,0,0,1,0,1
4227,0,0,0,0,1,0,6
4228,0,0,1,0,0,0,5
4230,0,0,1,0,1,0,5
4234,0,0,1,0,0,0,4
4236,0,0,0,0,1,0,4
4239,0,0,0,0,1,0,4
4240,0,0,1,0,0,0,5
4241,0,1,0,0,0,0,5
4243,0,0,1,0,0,0,4
4254,0,0,0,0,1,0,4
4261,0,0,1,0,0,0,4
4263,0,0,0,0,1,0,5
4268,0,0,0,0,1,0,5
4272,0,0,0,0,1,0,1
4277,0,0,1,0,0,0,4
4284,0,0,1,0,0,0,5
4287,0,0,0,0,1,0,5
4292,0,0,1,0,0,0,2
4294,0,1,0,0,0,0,5
4297,0,0,0,0,0,1,5
4299,0,0,0,0,1,0,5
4300,0,1,1,0,0,0,4
4303,0,0,0,0,1,0,5
4306,0,0,0,0,1,0,5
4308,0,0,0,0,0,1,4
4309,0,0,0,0,1,0,5
4312,0,0,1,0,0,0,5
4320,0,0,0,0,0,1,5
4322,0,1,0,0,0,0,4
4324,0,1,0,0,0,0,5
4327,0,1,0,0,0,0,5
4331,0,0,0,0,1,0,4
4332,0,0,0,0,0,1,5
4334,0,0,0,0,0,1,4
4335,0,0,1,0,0,0,5
4341,0,0,0,0,1,0,4
4348,0,0,1,0,0,0,4
4356,0,0,0,0,1,0,5
4360,0,0,0,0,0,1,4
4362,0,0,0,1,0,0,6
4365,0,1,0,0,0,0,5
4367,0,0,0,0,1,0,2
4369,0,0,0,0,1,0,5
4376,0,1,0,0,0,0,5
4377,0,0,0,0,1,0,4
4380,0,0,0,0,1,0,2
4382,0,0,1,0,0,0,6
4386,0,0,0,0,1,0,4
4387,0,0,1,0,0,0,5
4391,0,1,0,0,0,0,5
4394,0,0,0,0,0,1,4
4400,0,0,0,0,1,0,5
4403,0,0,0,0,1,0,5
4405,0,0,0,0,1,0,5
4410,0,0,0,0,1,0,5
4411,0,1,0,0,0,0,2
4415,0,0,1,0,0,0,5
4428,1,0,1,0,1,0,4
4430,0,0,1,0,0,0,1
4433,0,0,0,0,0,1,6
4442,0,0,0,0,1,0,3
4446,0,0,0,0,1,0,5
4447,0,0,0,0,0,1,1
4448,0,0,1,0,0,0,5
4451,0,0,1,0,0,0,5
4455,0,1,0,0,0,0,5
4458,0,0,0,0,0,1,6
4461,0,0,1,0,0,0,5
4470,0,0,1,0,0,0,5
4476,0,0,1,0,0,0,5
4477,0,0,0,0,1,0,5
4481,0,0,0,0,1,0,5
4483,0,0,1,0,0,0,5
4497,0,0,0,0,0,1,5
4499,0,0,1,0,0,0,5
4500,0,0,0,0,1,0,5
4506,0,0,0,0,0,1,2
4514,0,1,0,0,0,0,3
4520,0,0,0,0,0,1,3
4522,0,0,0,0,1,0,5
4527,1,0,0,0,0,0,5
4532,0,0,0,0,0,1,5
4538,0,0,0,0,1,0,1
4543,0,0,1,0,0,0,5
4545,0,0,0,0,0,1,5
4549,0,0,0,0,0,1,3
4550,0,0,0,0,0,1,5
4551,0,1,0,0,0,0,5
4552,0,0,1,0,0,0,2
4553,0,0,0,0,0,1,5
4555,0,0,1,0,0,0,5
4557,0,0,0,0,0,1,6
4560,0,0,1,0,0,0,5
4562,0,0,0,0,0,1,5
4565,0,0,1,0,0,0,5
4569,0,0,0,0,1,0,5
4572,0,0,1,0,0,0,5
4574,0,0,1,0,0,0,5
4579,0,0,1,0,0,0,5
4583,0,0,1,0,1,0,5
4586,0,0,0,0,0,1,5
4589,0,0,0,0,0,1,5
4593,0,0,1,0,0,0,5
4598,0,0,0,0,0,1,5
4603,0,0,1,0,0,0,5
4605,0,0,1,0,0,0,2
4608,0,0,0,0,0,1,5
4611,0,0,0,0,1,0,5
4613,0,0,0,0,1,0,5
4617,0,1,0,0,0,0,5
4618,0,0,0,0,1,0,1
4624,0,0,0,0,1,0,5
4626,0,0,0,0,0,1,4
4628,0,0,0,0,1,0,5
4633,0,0,0,0,1,0,5
4637,0,0,0,0,1,0,5
4643,0,0,1,0,0,0,5
4644,0,0,1,0,0,0,5
4648,0,0,0,0,1,0,5
4652,0,0,0,0,1,0,4
4656,0,0,0,0,1,0,4
4659,0,0,0,0,1,0,5
4665,0,0,0,0,1,0,5
4667,0,0,0,0,1,0,5
4675,0,0,0,0,1,0,5
4679,0,0,1,0,0,0,5
4684,0,1,0,0,0,0,5
4689,0,0,0,0,1,0,4
4692,0,0,0,0,1,0,5
4695,0,0,0,0,1,0,4
4700,0,0,0,0,1,0,4
4702,0,0,0,0,1,0,2
4705,0,0,0,0,1,0,5
4709,0,0,0,0,1,0,5
4712,0,0,0,0,1,0,5
4713,0,1,0,0,0,0,5
4719,0,1,0,0,0,0,5
4721,0,0,0,0,1,0,5
4723,0,0,1,0,0,0,5
4728,0,0,0,0,1,0,5
4730,0,0,0,0,1,0,5
4732,0,0,0,0,1,0,5
4735,0,0,0,0,1,0,5
4736,0,0,0,0,1,0,6
4737,0,0,0,0,1,0,5
4741,0,1,0,1,0,0,2
4747,0,0,0,0,1,0,5
4749,0,0,0,0,1,0,5
4751,0,0,0,0,1,0,5
4754,0,1,0,0,0,0,5
4758,0,1,0,0,0,0,5
4759,0,0,0,0,1,0,5
4761,0,0,0,0,1,0,5
4773,0,0,0,0,1,0,4
4778,0,1,0,0,0,0,5
4781,0,0,0,0,1,0,5
4785,0,0,0,0,1,0,4
4787,0,0,0,0,1,0,6
4789,0,0,0,0,1,0,5
4794,0,0,0,0,1,0,5
4797,0,1,0,0,0,0,5
4801,0,0,1,0,0,0,5
4804,0,1,0,0,0,0,1
4807,0,0,1,0,0,0,5
4808,0,0,1,0,0,0,5
4810,0,0,0,0,1,0,5
4814,0,1,0,0,0,0,2
4819,0,0,0,0,1,0,4
4821,0,0,0,0,1,0,2
4824,0,1,0,0,0,0,4
4825,0,0,0,0,1,0,5
4830,0,0,0,0,0,1,5
4835,0,0,0,1,0,0,3
4836,0,0,0,0,1,0,5
4841,0,0,0,0,1,0,4
4843,0,1,0,0,0,0,5
4845,0,0,0,0,1,0,5
4849,0,0,0,0,1,0,5
4854,0,0,1,0,0,0,5
4855,0,0,1,0,0,0,5
4856,0,0,0,0,1,0,5
4857,0,0,0,0,1,0,5
4862,0,0,0,0,1,0,4
4866,0,0,1,0,0,0,5
4868,0,0,0,0,1,0,5
4872,0,0,0,0,1,0,1
4875,0,0,0,0,1,0,5
4876,0,1,0,0,0,0,5
4890,0,0,0,0,1,0,5
4891,0,0,1,0,0,0,4
4894,0,0,0,0,1,0,5
4900,0,0,1,0,0,0,5
4905,0,1,0,0,0,0,5
4907,0,0,0,0,1,0,5
4912,0,0,0,0,1,0,1
4915,0,0,1,0,0,0,5
4917,0,0,0,0,1,0,5
4919,0,1,0,0,0,0,5
4922,0,0,0,0,1,0,5
4926,0,0,0,0,1,0,5
4928,0,0,0,0,1,0,1
4930,0,0,0,0,1,0,5
4932,0,1,0,0,0,0,5
4933,0,0,0,0,1,0,6
4937,0,0,0,0,1,0,5
4939,0,0,0,0,1,0,5
4943,0,0,0,0,1,0,5
4949,1,0,1,0,0,1,5
4952,0,0,1,0,0,0,5
4956,0,0,0,0,0,1,1
4960,1,0,0,0,1,0,5
4963,0,1,0,0,0,0,5
4966,0,0,0,0,1,0,5
4969,0,1,0,0,0,0,4
4972,0,0,0,0,1,0,5
4976,0,0,1,0,0,0,5
4981,0,0,1,0,0,0,5
4983,1,0,0,0,0,0,5
4986,0,0,0,0,0,1,5
4987,0,0,0,0,1,0,5
4993,0,1,0,0,0,0,5
4995,0,0,0,0,1,0,5
4997,0,0,0,0,1,0,5
4998,0,0,0,0,1,0,1
5001,0,0,0,0,1,0,2
5005,0,0,0,0,1,0,5
5006,0,0,1,0,0,0,6
5008,0,0,0,0,1,0,4
5012,0,0,0,0,1,0,5
5016,0,0,0,0,1,0,5
5018,0,0,0,0,1,0,5
5021,0,0,0,0,1,0,5
5025,0,0,0,0,1,0,1
5027,0,0,0,0,1,0,6
5028,0,0,1,0,0,0,5
5030,0,0,0,0,1,0,5
5033,0,0,0,0,1,0,2
5034,0,0,1,0,0,0,4
5036,0,0,0,0,1,0,4
5038,0,0,0,0,1,0,1
5044,0,0,0,0,1,0,5
5047,0,0,0,0,1,0,4
5049,0,0,0,0,1,1,4
5050,0,0,0,0,1,0,2
5052,0,0,0,0,1,0,5
5057,0,0,1,0,0,0,1
5059,0,1,0,0,0,0,5
5063,0,0,0,0,1,0,5
5065,0,0,0,0,1,0,5
5067,0,0,1,0,0,0,5
5072,1,0,1,0,1,0,5
5077,0,0,0,0,1,0,5
5078,0,0,0,0,1,0,4
5080,0,0,0,0,1,0,5
5083,0,0,0,0,1,0,5
5086,0,0,1,0,0,0,5
5088,0,0,1,0,0,0,5
5092,0,0,0,0,1,0,1
5095,0,0,1,0,0,0,4
5097,0,0,1,0,0,0,5
5100,0,0,0,0,1,0,5
5105,0,0,0,0,1,0,5
5107,0,1,0,0,0,0,5
5110,0,0,0,0,1,0,5
5111,0,1,0,0,0,0,5
5116,0,1,0,0,0,0,5
5119,0,1,0,0,0,0,4
5122,0,1,0,0,0,0,5
5123,0,1,0,0,0,0,5
5126,0,0,0,0,1,0,5
5135,1,0,0,0,0,0,1
5138,0,0,0,0,1,0,5
5140,0,0,0,0,1,0,5
5141,0,0,0,0,1,0,5
5144,0,1,0,0,0,0,3
5146,0,0,0,0,1,0,5
5148,0,0,0,0,1,0,5
5150,0,0,0,0,1,0,1
5153,0,0,0,0,1,0,5
5162,0,1,0,1,0,0,3
5163,0,0,0,0,1,0,5
5164,0,1,0,0,0,0,2
5166,0,1,0,0,0,0,5
5168,0,0,0,0,1,0,4
5171,0,0,0,0,1,0,2
5174,0,1,0,0,0,0,5
5175,0,0,0,0,1,0,5
5176,0,0,0,0,1,0,5
5185,1,0,0,0,1,0,5
5186,0,1,0,0,0,0,5
5188,0,0,0,0,1,0,5
5191,0,1,0,0,0,0,5
5192,0,0,0,0,1,0,5
5195,0,0,1,0,1,0,1
5199,0,0,0,0,1,0,5
5200,0,0,0,0,1,0,6
5202,0,0,0,0,1,0,5
5203,0,0,0,0,0,1,1
5205,0,0,0,0,1,0,5
5209,0,0,0,0,1,0,2
5214,0,0,0,0,1,0,5
5217,0,0,0,0,1,0,5
5218,0,0,0,0,1,0,5
5220,0,0,0,0,1,0,5
5221,0,0,0,0,1,0,5
5226,0,0,0,0,0,1,4
5227,0,0,0,0,1,0,2
5228,0,0,1,1,1,0,4
5230,0,1,0,0,0,0,6
5231,0,0,0,0,1,0,5
5233,0,0,0,0,1,0,4
5237,0,0,0,0,1,0,1
5238,0,0,0,0,1,0,1
5239,0,0,0,0,1,0,5
5240,0,0,0,0,1,0,5
5242,0,0,0,0,1,0,5
5244,0,0,0,0,1,0,5
5247,0,0,0,0,0,1,5
5250,0,1,0,0,0,0,5
5251,0,1,0,1,0,0,5
5252,0,0,0,0,1,0,5
5254,0,0,0,0,1,0,5
5255,0,0,0,0,1,0,1
5257,0,0,0,0,1,0,1
5259,0,0,0,0,1,0,5
5261,0,0,0,0,1,0,5
5267,0,0,0,0,1,0,2
5268,0,0,1,0,0,0,5
5269,0,0,0,0,1,0,5
5270,0,0,0,0,1,0,4
5274,0,0,0,0,1,0,5
5276,0,1,0,0,0,0,4
5279,0,0,0,0,1,0,1
5280,0,0,0,0,1,0,5
5282,0,0,0,0,1,0,1
5284,0,0,0,0,1,0,1
5286,0,0,0,0,1,0,5
5287,0,0,0,0,1,0,3
5290,0,0,0,0,1,0,5
5294,0,0,1,0,0,0,5
5295,0,0,0,0,1,0,5
5296,0,0,1,0,0,0,2
5298,0,0,0,0,1,0,4
5299,0,0,0,1,0,0,5
5300,0,1,0,0,0,0,4
5305,0,1,0,0,0,0,5
5307,0,1,0,0,0,0,2
5310,0,1,0,0,0,0,5
5313,0,0,0,0,1,0,4
5315,0,1,0,0,0,0,5
5318,0,1,0,0,0,0,5
5324,0,1,0,0,0,0,5
5328,0,1,0,0,0,0,1
5336,0,0,0,0,1,0,5
5340,0,0,0,0,1,0,5
5344,0,0,0,0,1,0,5
5345,0,1,0,0,0,0,5
5347,0,1,0,0,0,0,5
5348,0,0,0,0,1,0,3
5351,0,0,0,0,1,0,5
5353,0,1,0,0,0,0,4
5357,0,0,0,0,1,0,5
5360,0,0,0,0,0,1,5
5361,0,1,0,0,0,0,5
5363,0,1,0,0,0,0,2
5365,0,1,0,0,0,0,5
5368,0,0,0,0,1,1,5
5371,0,0,0,0,1,1,5
5373,0,0,0,0,1,0,5
5374,0,1,0,0,0,0,5
5375,0,1,0,0,0,0,5
5378,0,0,0,0,1,0,5
5381,0,0,0,0,1,0,5
5382,0,1,0,0,0,0,4
5386,0,0,0,0,1,0,2
5388,0,0,0,0,0,1,5
5392,0,0,0,0,1,0,5
5396,0,1,0,0,0,0,4
5399,0,0,0,0,1,0,5
5404,0,1,0,0,0,0,5
5405,0,1,0,0,0,0,5
5410,0,0,0,0,1,0,5
5414,0,0,0,0,1,0,5
5416,0,0,0,0,1,0,2
5419,0,1,0,0,0,0,6
5420,0,1,0,0,0,0,5
5422,0,1,0,0,0,0,2
5423,0,0,0,0,1,0,5
5425,0,0,0,0,1,0,5
5426,0,1,0,0,0,0,5
5430,0,1,0,0,0,0,4
5443,0,0,0,0,1,1,5
5445,0,1,0,0,0,0,5
5447,0,0,0,0,1,0,5
5449,0,0,0,0,1,0,5
5451,0,1,0,0,0,0,5
5452,0,0,1,0,0,0,5
5453,0,0,0,0,1,0,4
5454,0,0,0,0,1,0,6
5455,0,0,1,0,0,0,4
5457,0,0,1,0,0,0,5
5460,0,0,0,0,1,0,6
5462,0,0,0,0,1,0,2
5464,0,0,0,0,1,0,4
5470,0,0,0,0,0,1,5
5471,0,0,1,0,0,0,5
5476,0,0,0,0,0,1,4
5478,0,0,0,0,1,0,6
5480,0,0,0,0,1,0,3
5483,0,1,0,0,0,0,5
5490,0,0,1,0,0,0,4
5494,0,1,0,0,0,0,5
5497,0,0,1,0,0,0,5
5500,0,0,1,0,0,0,5
5502,0,0,0,0,1,0,5
5515,0,0,0,0,1,0,5
5519,0,0,1,0,0,0,5
5525,0,0,1,0,0,0,4
5528,0,1,0,0,0,0,4
5531,0,0,0,0,1,0,5
5534,0,1,0,0,0,0,2
5535,0,0,0,0,1,0,5
5537,0,0,1,0,0,0,5
5539,0,0,0,0,1,0,5
5551,0,0,0,0,0,1,5
5553,0,0,1,0,0,0,5
5560,0,0,0,0,1,0,5
5562,0,0,0,1,0,0,5
5563,0,0,0,0,1,0,5
5565,0,0,0,0,1,0,6
5567,0,0,1,0,0,0,5
5570,0,0,0,0,1,0,5
5576,0,1,0,0,0,0,4
5581,0,0,1,0,0,0,1
5583,0,0,0,0,0,1,5
5586,0,1,0,0,0,0,5
5591,0,0,1,0,0,0,2
5592,0,0,0,0,0,1,4
5596,0,0,1,0,0,0,5
5599,0,1,0,0,0,0,5
5602,0,1,0,0,0,0,6
5608,0,0,1,0,0,0,5
5610,0,0,0,0,1,0,5
5613,0,0,0,0,1,0,4
5615,0,0,0,0,1,0,4
5616,0,0,1,0,0,0,5
5619,0,0,1,0,0,0,5
5621,1,0,0,0,0,0,5
5624,0,0,0,0,1,0,5
5634,0,0,0,0,1,0,5
5636,0,0,1,0,0,0,2
5641,0,0,0,0,1,0,5
5644,0,1,0,0,0,0,1
5653,0,1,0,0,0,0,5
5655,0,0,0,0,1,0,5
5662,0,0,0,0,1,0,5
5666,0,0,0,0,1,0,5
5668,0,0,1,0,0,0,6
5669,0,1,0,0,1,0,6
5674,0,0,1,0,0,0,5
5678,1,0,1,0,0,0,4
5682,0,0,0,0,0,1,5
5684,0,0,0,0,1,0,1
5686,0,0,1,0,0,0,5
5688,0,0,0,0,1,0,4
5693,0,0,1,0,0,0,5
5698,0,0,0,0,1,0,2
5701,0,0,1,0,0,0,1
5702,0,0,0,0,1,0,5
5704,0,0,1,0,0,0,6
5706,0,0,0,0,1,0,5
5708,0,0,0,0,1,0,5
5709,0,0,0,0,1,0,5
5714,0,0,0,0,1,0,5
5718,0,0,0,0,1,0,5
5722,0,0,1,0,0,0,5
5723,0,1,0,0,0,0,5
5726,0,0,0,0,1,0,5
5728,0,0,0,0,0,1,5
5730,0,0,0,1,0,0,5
5740,0,0,0,0,1,0,5
5742,0,0,0,0,1,0,5
5747,0,0,0,0,1,0,4
5748,0,0,0,0,1,0,2
5751,0,0,1,0,0,0,5
5752,0,0,0,0,1,0,5
5756,0,1,0,0,0,0,5
5758,0,0,0,0,1,0,5
5760,0,1,0,0,0,0,4
5763,0,0,0,0,1,0,5
5771,0,0,0,0,1,0,2
5776,0,0,1,0,0,0,5
5780,0,0,0,0,1,0,1
5782,0,0,0,0,1,0,5
5784,0,0,0,0,1,0,1
5787,0,0,0,0,1,0,5
5789,0,0,0,0,1,0,4
5795,0,0,0,0,1,0,5
5796,0,0,1,0,0,0,5
5798,0,0,0,0,1,0,4
5802,0,0,0,0,1,0,5
5804,0,0,0,0,1,0,3
5805,0,0,0,0,1,0,4
5806,0,0,0,0,1,0,1
5811,0,0,0,0,1,0,4
5812,0,0,0,0,1,0,5
5816,0,0,0,0,1,0,5
5820,0,0,0,0,1,0,5
5824,0,0,0,0,0,1,1
5827,0,0,1,0,0,0,4
5833,0,0,0,0,1,0,3
5837,0,0,0,0,1,0,4
5840,0,0,1,0,0,0,5
5842,0,1,0,0,0,0,2
5848,0,0,1,0,0,0,5
5849,0,0,0,0,1,0,5
5851,0,0,0,0,0,1,5
5855,0,0,0,0,1,0,4
5856,0,0,0,0,1,0,5
5857,0,0,1,0,0,0,4
5864,0,1,0,0,0,0,4
5866,0,0,0,0,1,0,5
5871,0,1,0,0,0,0,5
5872,0,0,0,0,1,0,5
5874,0,0,0,0,1,0,2
5877,0,0,1,0,0,0,5
5881,0,1,0,0,0,0,5
5883,0,0,0,0,1,0,2
5887,0,0,0,0,1,0,5
5890,0,0,0,0,1,0,5
5894,0,0,0,0,1,0,5
5895,0,0,0,0,1,0,5
5898,0,1,0,0,0,0,5
5899,0,0,0,0,0,1,5
5901,0,0,0,0,1,0,5
5903,0,0,0,0,1,1,2
5907,0,0,0,0,1,0,1
5913,0,0,0,0,1,0,5
5914,0,0,0,0,1,0,4
5917,0,0,1,0,0,0,5
5920,0,0,0,0,1,0,6
5922,0,0,0,0,1,0,5
5926,0,1,0,0,0,0,5
5929,0,0,1,0,0,0,3
5933,0,0,0,0,1,0,5
5939,0,0,0,0,0,1,5
5940,0,0,0,0,1,0,4
5941,0,0,0,0,0,1,2
5946,0,0,1,0,0,0,5
5948,0,0,1,0,0,0,5
5949,0,1,0,0,0,0,4
5951,0,1,0,0,0,0,5
5955,0,0,1,0,0,0,5
5958,0,1,0,0,0,0,5
5960,0,0,1,0,0,0,5
5964,0,0,0,0,1,0,1
5967,0,0,0,0,1,0,2
5971,0,1,0,0,0,0,2
5973,0,1,0,0,0,0,5
5977,0,0,0,0,0,1,5
5982,0,1,0,0,0,0,5
5986,0,0,1,0,0,0,2
5988,0,1,0,0,0,0,4
5992,0,0,1,0,0,0,5
5996,0,1,0,0,0,0,5
6003,0,0,1,0,0,0,5
6006,0,0,1,0,0,0,5
6015,0,0,1,0,0,0,5
6018,0,1,0,0,0,0,5
6020,0,0,0,0,1,0,5
6022,0,0,0,0,1,0,5
6027,0,0,1,0,0,0,5
6030,0,0,1,0,0,0,5
6032,0,1,0,0,0,0,5
6035,0,0,1,0,0,0,1
6039,0,1,0,0,0,0,4
6043,0,1,0,0,0,0,5
6045,0,0,0,0,1,0,5
6049,0,0,0,0,1,0,5
6052,0,0,1,0,0,0,4
6053,0,0,0,0,1,0,5
6055,0,0,1,0,0,0,4
6059,0,0,1,0,0,0,4
6061,0,0,1,0,0,0,5
6064,0,0,0,0,0,1,4
6065,0,0,1,0,0,0,2
6072,0,0,0,0,1,0,4
6079,0,0,0,0,1,0,5
6083,0,0,0,0,1,0,1
6084,0,0,0,0,1,0,6
6088,0,0,0,0,1,0,5
6092,0,0,1,0,0,0,1
6096,0,0,0,0,1,0,3
6099,0,1,0,0,0,0,5
6101,0,0,0,0,1,0,5
6112,0,0,1,0,0,0,1
6115,0,0,0,0,1,0,5
6121,0,1,0,0,0,0,1
6122,0,0,0,0,1,0,5
6124,0,0,1,0,0,0,5
6125,0,0,0,0,1,0,6
6128,0,0,0,0,1,0,5
6129,0,0,1,0,0,0,6
6133,0,0,0,0,1,0,5
6137,0,0,1,0,1,0,1
6140,0,0,0,0,0,1,6
6148,0,0,1,0,0,0,2
6153,0,0,0,0,1,0,5
6159,0,1,0,0,0,1,4
6162,0,0,0,0,1,0,5
6166,0,0,0,0,0,1,2
6168,0,0,0,0,1,0,1
6170,0,0,1,0,0,0,5
6171,0,0,1,0,0,0,4
6175,0,0,0,0,0,1,5
6179,0,0,0,0,1,0,5
6183,0,0,1,0,0,0,5
6186,0,0,1,0,0,0,5
6189,0,0,0,0,0,1,5
6190,0,0,1,0,0,1,5
6198,1,0,0,0,1,0,5
6200,0,0,1,0,0,0,5
6204,0,0,1,0,0,0,5
6206,0,0,1,0,0,0,5
6208,0,0,0,0,0,1,4
6221,0,0,0,0,0,1,2
6223,0,0,1,0,0,0,3
6226,0,0,0,0,1,0,5
6230,0,0,0,0,1,0,5
6233,0,0,0,0,1,0,5
6236,0,0,0,0,0,1,5
6240,0,0,1,0,0,0,4
6241,0,0,0,0,1,0,1
6243,0,0,1,0,0,0,5
6246,0,0,0,0,0,1,5
6247,0,0,1,0,0,0,5
6249,0,0,0,1,0,0,5
6251,1,1,1,0,1,0,5
6255,0,0,0,0,0,1,5
6262,0,0,1,0,0,0,5
6269,0,0,1,0,0,0,4
6277,0,0,1,0,0,0,5
6283,0,0,0,0,0,1,4
6286,0,0,1,0,0,0,5
6290,0,0,1,0,0,0,5
6293,0,0,0,1,0,0,5
6299,0,0,1,0,0,0,5
6301,0,0,0,0,1,0,3
6306,0,0,1,0,0,0,5
6312,0,0,1,0,0,0,5
6315,0,0,1,0,0,0,1
6316,0,0,0,0,1,0,2
6320,0,0,0,0,1,0,4
6326,0,0,0,0,1,0,5
6327,0,0,1,0,0,0,5
6331,0,0,0,0,0,1,5
6333,0,0,0,0,0,1,4
6336,0,0,0,0,1,0,5
6339,0,1,0,0,0,0,1
6341,0,0,0,0,1,0,5
6342,0,0,0,0,1,0,5
6343,0,0,0,0,1,0,5
6346,1,0,0,0,0,0,3
6348,0,0,0,0,1,0,5
6350,0,0,0,0,1,0,5
6353,0,0,0,0,1,0,5
6354,0,0,0,0,1,0,4
6356,0,0,0,0,1,0,6
6361,0,0,0,0,1,0,5
6365,0,0,0,0,1,0,5
6367,0,0,0,0,0,1,5
6369,0,1,0,0,0,0,5
6372,0,1,0,0,0,0,5
6373,0,1,0,0,0,0,4
6377,0,0,0,0,1,0,5
6379,0,0,0,0,1,0,1
6381,0,0,0,0,1,0,5
6387,0,0,1,0,1,1,5
6390,0,0,0,0,1,0,5
6398,0,0,0,0,1,0,5
6400,0,0,0,0,0,1,5
6406,0,0,0,0,1,0,5
6408,0,0,0,0,1,0,6
6409,0,1,0,0,1,0,5
6413,0,0,0,0,1,0,5
6415,0,0,0,0,1,0,4
6417,0,0,0,0,1,0,4
6420,0,0,0,0,1,0,5
6424,0,0,0,0,0,1,5
6428,0,0,0,0,1,0,5
6431,1,0,0,0,0,0,5
6436,0,0,0,0,1,0,5
6448,0,1,0,0,0,0,3
6450,0,0,0,0,0,1,5
6453,0,1,0,0,0,0,5
6457,0,1,0,0,0,0,4
6459,0,0,0,0,1,0,5
6462,0,0,0,0,1,0,5
6466,1,0,0,0,1,0,5
6468,0,0,0,0,1,0,5
6472,0,0,0,0,1,0,5
6474,0,0,0,0,1,0,5
6477,0,0,0,0,1,0,5
6483,0,0,0,0,0,1,5
6486,0,0,0,1,0,0,4
6488,0,0,0,0,1,0,5
6494,0,0,0,0,1,0,4
6495,0,1,0,0,0,0,5
6496,0,1,0,0,0,0,5
6501,0,0,0,0,1,0,5
6502,0,0,0,0,1,0,5
6506,0,0,0,0,0,1,4
6508,0,0,0,0,0,1,4
6521,0,0,0,0,1,0,5
6524,0,0,1,0,0,0,4
6528,0,0,0,0,1,0,5
6529,0,0,1,0,0,0,5
6530,0,1,0,0,0,0,5
6534,0,1,0,0,0,0,5
6535,0,1,0,0,0,0,5
6536,0,0,0,0,1,0,5
6538,0,0,0,0,1,0,5
6543,0,0,0,0,1,0,5
6548,0,0,0,0,1,0,5
6549,1,0,0,0,0,0,5
6550,0,0,0,0,1,0,6
6552,0,0,0,0,1,0,4
6556,0,0,0,0,1,0,5
6558,0,0,1,0,0,0,2
6561,0,0,0,0,1,0,5
6562,0,0,0,0,1,0,5
6563,0,0,0,0,1,0,5
6565,0,0,0,0,1,0,1
6566,0,0,0,0,1,0,3
6567,0,0,1,0,0,0,6
6570,0,0,1,0,0,0,5
6571,0,0,0,0,1,0,6
6573,0,0,0,0,1,0,2
6576,0,0,0,0,1,0,1
6579,0,0,0,0,1,0,5
6580,0,0,0,0,0,1,5
6584,0,0,0,0,1,0,5
6587,0,1,0,0,0,0,4
6592,0,0,0,0,1,0,5
6593,0,0,0,0,1,0,5
6594,0,0,0,0,1,0,5
6596,0,1,0,0,0,0,4
6600,0,0,0,0,1,0,4
6601,0,0,0,0,1,0,5
6603,0,0,0,0,1,0,1
6606,0,0,0,0,1,0,5
6608,0,1,0,0,0,0,3
6609,0,0,0,0,1,0,1
6611,0,0,0,0,1,0,6
6612,0,0,0,0,1,0,5
6613,0,0,0,0,1,0,6
6614,0,0,0,0,1,0,5
6616,0,0,0,0,1,0,5
6618,0,0,0,0,1,0,4
6620,0,1,0,0,0,0,4
6626,0,0,0,0,1,0,5
6627,0,0,0,0,1,0,5
6628,0,0,0,0,1,0,5
6634,0,0,0,0,1,0,5
6636,0,0,0,0,1,0,5
6637,0,0,0,0,1,0,6
6639,0,0,0,0,1,0,5
6641,0,0,0,0,1,0,2
6642,0,0,0,0,1,0,5
6643,0,0,0,0,1,0,4
6644,0,0,0,0,0,1,5
6647,0,0,1,0,0,0,5
6652,0,1,0,0,0,0,5
6655,0,0,0,0,1,0,4
6658,0,0,0,0,1,0,2
6661,0,0,0,0,1,0,5
6664,0,0,0,0,0,1,5
6666,0,0,0,0,0,1,5
6667,0,0,0,0,1,0,5
6669,0,0,0,0,0,1,5
6674,0,1,0,0,0,0,2
6677,0,1,0,0,0,0,5
6682,0,0,0,0,1,0,5
6683,0,0,0,0,1,0,5
6684,0,1,0,0,0,0,5
6685,0,0,1,0,0,0,5
6687,0,0,1,0,0,0,4
6693,0,0,0,0,1,0,1
6694,0,0,0,0,1,0,5
6695,0,0,0,0,1,0,3
6697,0,1,0,0,0,0,2
6701,0,0,0,0,1,0,5
6702,0,0,0,0,1,0,5
6704,0,1,0,0,0,0,5
6707,0,1,0,0,0,0,3
6710,0,0,0,0,1,0,5
6712,0,0,0,0,1,0,2
6716,0,0,0,0,1,0,6
6718,0,0,0,0,1,0,5
6720,0,1,0,0,0,0,3
6722,0,0,0,0,1,0,2
6727,0,0,0,0,1,0,5
6728,0,1,0,0,0,0,5
6730,0,0,0,0,1,0,5
6732,0,0,0,0,1,0,5
6739,0,0,1,0,0,0,5
6740,0,0,0,0,1,0,5
6742,0,0,0,0,1,0,5
6743,0,0,0,0,0,1,5
6747,0,0,0,0,1,0,5
6748,0,0,1,0,0,0,5
6753,0,0,0,0,1,0,1
6755,0,0,1,0,0,0,5
6756,0,0,1,0,0,0,5
6757,0,0,1,0,0,0,5
6761,0,0,0,0,1,0,5
6763,0,0,0,0,1,0,4
6766,0,0,0,0,1,0,6
6771,0,0,1,0,0,0,4
6772,0,0,0,0,1,0,5
6775,0,0,0,0,1,0,5
6776,0,0,1,0,0,0,5
6777,0,0,0,0,1,0,5
6779,0,0,0,0,1,0,4
6781,0,0,0,0,1,0,1
6787,0,0,1,0,0,0,5
6788,0,0,0,0,0,1,5
6789,0,0,0,0,1,0,5
6795,0,0,0,0,1,0,5
6796,0,0,0,0,1,0,5
6799,0,0,1,0,0,0,5
6803,0,0,0,0,1,0,1
6806,0,0,0,0,0,1,5
6808,0,0,0,0,0,1,5
6810,0,0,0,0,0,1,3
6811,0,0,0,0,1,0,2
6816,0,1,0,0,1,0,5
6817,0,0,0,0,1,0,5
6819,0,0,0,0,1,0,5
6821,0,0,0,0,1,0,6
6823,0,0,0,0,1,0,4
6824,0,0,0,0,0,1,5
6825,0,0,0,0,0,1,6
6829,0,0,1,0,0,0,3
6830,0,0,0,0,1,0,5
6831,0,0,0,0,1,0,5
6833,0,0,1,0,0,0,5
6834,0,0,0,0,1,0,5
6841,0,0,0,0,1,0,5
6849,0,0,1,0,0,0,5
6850,0,0,0,0,1,0,5
6851,0,0,0,0,1,0,6
6852,0,0,0,0,1,0,5
6853,0,0,0,0,1,0,5
6854,0,0,0,0,1,0,5
6862,0,0,0,1,0,0,4
6863,0,0,0,0,1,0,5
6866,0,0,0,0,1,0,6
6868,0,0,0,0,1,0,5
6881,0,1,0,0,0,0,5
6883,0,1,0,0,1,0,5
6884,0,0,0,0,1,0,6
6886,0,0,0,0,1,0,6
6887,0,0,0,0,1,0,5
6888,0,0,0,0,1,0,6
6891,0,0,0,0,1,0,5
6893,0,0,0,0,1,0,1
6894,0,0,1,0,0,0,5
6895,0,0,0,0,1,0,5
6898,0,0,0,0,1,0,1
6904,0,0,0,0,1,0,5
6906,0,0,0,0,1,0,4
6908,0,0,0,0,1,0,4
6910,0,0,0,0,1,0,5
6912,0,0,1,0,0,0,5
6913,0,0,1,0,0,0,5
6916,0,0,0,0,0,1,5
6920,0,0,0,0,1,0,4
6923,0,0,0,0,1,0,4
6925,0,0,0,0,1,0,4
6926,0,1,0,0,0,0,1
6929,0,0,1,0,0,0,5
6930,0,0,0,0,1,0,3
6932,0,0,0,0,1,0,4
6936,0,0,0,0,1,0,6
6942,0,0,0,0,0,1,5
6949,0,0,0,0,1,0,5
6950,0,0,0,0,1,0,5
6952,0,0,0,0,1,0,4
6955,0,0,0,0,1,0,5
6956,0,0,0,0,1,0,5
6957,0,0,0,0,1,0,6
6959,0,0,0,0,1,0,5
6962,0,0,1,0,0,0,2
6966,0,0,0,0,1,0,5
6968,1,0,1,0,0,0,5
6970,0,1,0,0,0,0,4
6971,0,0,0,0,1,0,4
6975,0,0,0,0,0,1,5
6977,0,0,0,0,1,0,5
6979,0,0,0,0,1,0,5
6980,0,0,0,0,0,1,6
6984,1,0,1,0,0,0,6
6986,0,0,0,0,1,0,4
6989,0,0,0,0,1,0,5
6990,0,1,0,0,0,0,5
6994,0,1,0,0,0,0,5
6998,0,0,0,0,1,0,5
7001,0,0,1,0,0,0,1
7004,0,1,0,0,0,0,5
7010,0,0,1,0,0,0,5
7012,0,0,0,0,1,0,5
7019,0,0,1,0,0,0,5
7020,0,0,1,0,0,0,5
7022,0,0,1,0,0,0,5
7026,0,0,0,0,1,0,5
7030,0,0,1,0,0,0,5
7032,0,0,0,0,1,0,5
7034,0,0,0,0,0,1,5
7038,0,0,0,0,0,1,2
7044,0,0,1,0,0,0,5
7046,0,0,0,0,0,1,5
7048,0,1,0,0,0,0,5
7053,0,0,1,0,0,0,2
7056,0,0,1,0,0,0,5
7057,0,0,0,0,1,0,5
7060,0,0,0,0,1,0,5
7063,0,1,0,0,1,0,6
7071,0,0,0,0,1,0,5
7074,1,0,0,0,0,0,3
7079,0,0,0,0,1,0,2
7081,0,1,0,0,0,0,2
7082,0,0,0,0,1,0,5
7085,0,0,0,0,1,0,5
7086,0,0,0,0,1,0,6
7090,0,0,0,0,1,0,5
7091,0,0,0,0,1,0,5
7093,0,0,1,0,0,0,5
7094,0,0,0,0,1,0,5
7095,0,0,0,0,1,0,5
7096,0,0,0,0,1,0,5
7100,0,0,0,0,1,0,2
7101,0,0,0,0,1,0,4
7102,0,0,0,0,1,0,5
7104,0,0,1,0,0,0,5
7106,0,0,0,0,1,0,4
7111,0,0,0,0,1,0,4
7114,0,0,0,0,1,0,5
7118,0,0,0,0,1,1,5
7120,0,1,0,0,0,0,4
7121,0,0,0,0,1,0,3
7122,0,0,0,0,1,0,5
7125,0,0,0,0,0,1,4
7127,0,0,0,0,1,0,4
7129,0,0,0,0,1,0,5
7130,0,0,0,0,1,0,5
7131,0,0,0,0,1,0,5
7133,0,0,1,0,0,0,5
7135,0,0,1,0,0,0,5
7147,0,0,0,0,1,0,1
7153,0,0,0,0,1,0,5
7154,0,1,0,0,0,0,5
7156,0,0,0,0,1,0,5
7157,0,0,0,0,1,0,5
7159,0,0,0,0,1,0,5
7161,0,0,1,0,0,0,4
7163,0,0,0,0,0,1,5
7164,0,0,0,0,1,0,4
7166,0,0,0,0,0,1,5
7167,0,0,0,0,0,1,4
7169,0,0,0,0,1,0,5
7175,0,0,1,0,0,0,5
7176,0,0,0,0,1,0,5
7178,0,0,0,0,1,0,5
7184,0,0,0,0,1,0,5
7185,0,0,0,0,1,0,3
7186,0,0,0,0,0,1,6
7187,0,0,0,0,1,0,5
7189,0,0,1,0,0,0,5
7190,0,0,0,0,1,1,2
7196,0,0,0,0,1,0,5
7198,0,0,0,0,1,0,6
7200,0,0,0,0,1,0,5
7201,0,0,1,0,0,0,1
7202,0,0,0,0,1,0,3
7204,0,0,0,0,1,0,5
7205,0,0,0,0,1,0,5
7208,1,0,1,0,1,0,5
7210,0,0,0,0,1,0,2
7212,0,0,0,0,1,0,3
7216,0,0,1,0,0,0,6
7218,0,0,1,0,1,0,5
7222,0,0,0,0,1,0,5
7223,0,0,0,0,1,0,3
7225,0,0,1,0,0,0,5
7226,0,0,1,0,0,0,5
7227,0,0,1,0,0,0,5
7233,0,0,1,0,0,0,5
7236,1,0,0,0,0,0,5
7242,0,0,0,0,1,0,5
7243,0,0,0,0,1,0,2
7245,0,0,0,0,1,0,5
7248,0,0,0,0,1,0,4
7249,0,0,0,0,1,0,5
7250,0,0,1,0,0,0,5
7251,0,0,0,0,1,0,5
7252,0,1,0,0,0,0,5
7254,0,0,0,0,1,0,5
7256,0,0,0,0,1,0,4
7263,0,0,0,0,1,0,5
7264,0,0,0,0,1,0,6
7265,0,0,0,0,1,0,6
7267,0,1,0,0,0,0,4
7269,0,0,0,0,0,1,5
7273,0,0,0,0,1,0,6
7274,0,1,0,0,0,0,4
7275,0,0,0,0,1,0,5
7277,0,0,0,0,1,0,4
7281,0,0,1,0,0,1,4
7284,0,0,1,0,0,0,5
7285,0,0,0,0,1,0,5
7287,0,0,0,0,1,0,5
7288,0,0,0,0,1,0,5
7290,0,0,0,0,1,0,5
7292,0,1,0,0,0,0,5
7297,0,0,0,0,1,0,5
7299,0,0,0,0,1,0,2
7300,0,0,1,0,0,0,5
7305,0,0,0,0,1,0,5
7306,0,1,0,0,0,0,3
7312,0,0,0,0,1,0,1
7315,0,0,0,0,1,0,1
7317,0,0,0,0,1,0,5
7323,0,0,0,0,1,0,5
7324,0,0,0,0,1,0,5
7326,0,0,0,0,1,0,5
7327,0,0,0,0,1,0,5
7330,0,0,1,0,0,0,4
7331,0,0,0,0,1,0,5
7332,0,1,0,0,0,0,2
7334,0,0,0,0,1,0,5
7335,0,0,0,0,0,1,5
7339,0,0,0,0,1,0,1
7343,1,0,0,0,1,0,4
7347,0,0,0,0,1,0,1
7348,0,0,0,0,1,0,3
7349,0,0,0,0,1,0,1
7350,0,0,0,0,1,0,6
7352,0,0,0,0,0,1,6
7355,0,0,0,0,1,0,5
7357,0,1,0,0,0,0,5
7361,0,1,0,0,0,0,3
7367,0,0,1,0,0,0,5
7369,0,0,0,0,1,0,4
7370,0,0,1,0,0,0,5
7374,0,0,0,0,1,0,5
7375,0,0,0,0,1,0,5
7376,0,0,0,0,1,0,6
7382,0,0,0,0,0,1,4
7384,0,0,0,0,1,0,2
7386,0,0,0,0,1,0,4
7388,0,0,1,0,0,0,5
7389,0,0,0,0,1,0,5
7391,0,0,1,0,0,0,5
7395,1,0,1,0,0,0,5
7396,0,0,0,0,1,0,6
7400,0,0,1,0,0,0,5
7403,0,0,0,0,1,0,6
7406,0,0,0,0,1,0,5
7409,0,0,0,0,1,0,1
7411,0,1,0,0,0,0,4
7415,0,0,1,0,0,0,5
7416,0,0,0,0,0,1,5
7417,0,0,0,0,0,1,5
7422,0,0,0,0,0,1,5
7425,0,0,0,0,1,0,2
7426,0,0,1,0,0,0,5
7428,0,0,0,0,1,0,4
7433,0,0,0,0,1,0,5
7436,0,0,0,0,1,0,5
7437,0,0,1,0,0,0,5
7438,0,0,1,0,0,0,5
7439,0,0,0,0,1,0,5
7440,0,0,0,0,1,0,5
7443,0,0,1,0,0,0,5
7447,0,0,0,0,1,0,5
7448,0,1,0,0,0,0,5
7455,0,0,0,0,1,0,4
7457,0,0,0,0,1,0,5
7461,0,1,0,0,0,0,5
7462,0,0,0,0,1,0,5
7464,0,0,0,0,1,0,4
7466,0,0,0,0,1,0,5
7467,0,0,0,0,1,0,1
7468,0,1,0,0,0,0,4
7470,0,0,0,0,1,0,5
7476,0,0,0,0,1,0,2
7479,0,1,0,0,0,0,1
7485,0,0,0,0,1,0,4
7487,0,0,1,0,0,0,5
7490,0,0,0,0,1,0,6
7491,0,0,1,0,0,0,5
7492,0,0,0,0,1,0,5
7496,0,0,1,0,0,0,1
7497,0,0,0,0,1,0,4
7499,0,1,0,0,0,0,5
7503,0,0,0,0,1,0,5
7505,0,0,1,0,0,0,5
7506,0,0,0,0,1,0,5
7508,0,0,0,0,1,0,5
7511,0,0,0,0,1,0,1
7513,0,0,1,0,0,0,5
7516,0,0,0,0,1,0,5
7517,0,0,0,0,1,0,5
7519,0,0,1,0,0,0,5
7521,0,0,1,0,0,0,5
7523,0,0,0,0,1,0,5
7529,0,0,0,0,1,0,5
7531,0,0,0,0,0,1,5
7533,0,0,0,0,1,0,1
7534,0,0,0,0,1,0,5
7536,0,0,0,0,1,0,5
7541,0,0,0,0,1,0,5
7542,0,0,0,0,1,0,5
7543,0,0,0,0,1,0,5
7546,0,0,0,0,1,0,4
7549,0,0,1,0,0,0,6
7550,0,0,1,0,0,0,5
7554,0,0,1,0,0,0,5
7557,0,0,0,0,0,1,4
7559,0,0,1,0,0,0,6
7561,0,0,0,0,1,0,5
7563,0,0,0,0,1,0,6
7565,0,0,0,0,1,0,5
7567,0,0,0,0,0,1,2
7569,1,0,1,0,0,0,4
7572,0,0,0,0,1,0,1
7574,0,0,1,0,1,0,5
7578,0,0,1,0,0,0,5
7579,0,0,0,0,0,1,5
7580,0,0,0,0,1,0,5
7581,0,0,0,0,1,0,3
7583,0,0,0,0,1,0,6
7585,0,0,0,0,1,0,5
7588,0,1,0,0,0,0,1
7589,0,0,0,0,1,0,5
7590,0,1,0,0,0,0,5
7593,0,0,1,0,0,0,4
7598,0,0,0,0,1,0,4
7599,0,0,1,0,0,0,5
7600,0,0,0,0,1,0,6
7602,0,0,0,0,1,0,5
7605,0,0,0,0,1,0,5
7611,0,0,0,0,1,0,5
7612,0,0,0,0,1,0,5
7614,0,0,0,0,1,0,5
7618,0,1,0,0,0,0,3
7620,0,0,0,0,1,0,6
7625,0,0,1,0,0,0,5
7626,0,0,0,0,1,0,5
7630,0,0,0,0,1,0,5
7631,1,0,0,0,0,0,5
7632,0,0,1,0,0,0,5
7633,0,0,0,0,1,0,2
7634,0,0,0,0,1,0,4
7636,0,0,0,0,1,0,5
7637,0,0,0,1,0,0,3
7640,0,0,0,0,1,0,1
7644,0,0,1,0,0,0,5
7646,0,0,1,0,0,0,5
7653,0,0,0,0,1,0,5
7655,0,0,0,0,1,0,6
7657,0,0,0,0,1,0,5
7659,0,1,0,0,0,0,5
7661,0,1,0,0,0,0,5
7662,0,0,0,0,1,0,4
7664,0,0,0,0,1,1,4
7665,0,0,0,0,1,0,5
7667,0,0,1,0,0,0,5
7669,0,0,0,0,1,0,1
7670,0,1,0,0,0,0,3
7673,0,0,0,0,1,0,5
7674,0,0,0,0,1,0,6
7675,0,0,0,0,1,0,6
7676,0,0,0,0,1,1,5
7679,0,0,0,0,0,1,4
7684,0,0,1,0,0,0,5
7686,0,1,0,0,0,0,5
7687,0,0,0,0,1,0,5
7688,0,0,0,0,1,0,5
7689,0,0,0,0,1,0,4
7691,0,0,0,0,1,0,5
7694,0,0,0,0,1,0,5
7695,0,0,0,0,1,0,4
7696,0,0,1,0,0,0,5
7699,0,0,0,0,1,0,5
7705,0,0,0,0,1,0,5
7706,0,0,0,0,1,0,5
7709,0,0,0,0,1,0,5
7710,0,0,1,0,0,0,1
7713,0,0,0,0,1,0,5
7714,0,0,0,0,1,0,5
7715,0,0,0,0,1,0,6
7716,0,0,0,0,1,0,5
7717,0,0,0,0,1,0,4
7719,0,0,1,0,0,0,5
7720,0,0,0,0,1,0,5
7721,0,0,1,0,0,0,5
7722,0,0,0,0,0,1,5
7724,0,0,0,0,1,0,4
7726,0,0,1,0,0,0,5
7729,0,0,1,0,0,0,5
7730,0,0,1,0,0,0,5
7732,0,0,1,0,0,0,6
7734,0,1,0,0,0,0,5
7736,0,0,0,0,1,0,5
7737,0,0,0,0,1,0,4
7739,0,0,0,0,1,0,5
7742,0,0,0,0,1,0,5
7744,0,0,0,0,1,0,2
7746,0,1,0,0,0,0,5
7748,0,0,1,0,0,0,5
7749,0,0,0,0,1,0,5
7751,0,0,0,0,1,0,1
7755,0,0,1,0,0,0,5
7757,0,0,0,0,1,0,4
7760,0,0,0,0,1,1,5
7761,0,0,0,0,1,0,1
7772,0,0,0,0,1,0,6
7773,0,0,0,0,1,0,5
7776,0,0,0,0,1,0,5
7778,0,0,0,0,1,0,4
7781,0,0,0,0,1,0,1
7784,0,0,0,0,0,1,5
7788,0,0,0,0,1,0,5
7790,0,0,1,0,0,0,5
7792,0,0,0,0,1,0,5
7793,0,0,0,0,1,0,3
7797,0,1,0,0,0,0,5
7800,0,0,0,0,1,0,5
7802,0,0,0,0,1,0,1
7804,0,0,0,0,1,0,5
7805,0,0,0,0,1,0,5
7806,0,0,0,0,1,0,5
7809,0,0,0,0,1,0,4
7812,0,0,0,0,1,0,5
7813,0,0,1,0,0,0,4
7814,0,0,0,0,0,1,2
7816,0,0,0,0,1,0,5
7817,0,0,0,0,1,0,5
7820,0,0,0,0,1,0,5
7821,1,0,0,0,0,0,5
7822,0,0,0,0,1,0,2
7827,0,0,1,0,0,0,2
7830,0,0,1,0,0,0,5
7832,0,0,0,0,0,1,5
7833,0,0,0,0,1,0,1
7837,0,0,0,0,1,0,1
7842,0,1,0,0,0,0,5
7844,0,0,0,0,0,1,5
7845,0,0,1,0,0,0,5
7848,0,0,0,0,1,0,5
7850,0,0,1,0,0,0,5
7854,0,0,0,0,1,0,5
7855,0,0,0,0,0,1,5
7856,0,0,0,0,0,1,5
7858,0,0,0,1,0,0,5
7859,0,0,1,0,0,0,5
7861,0,0,0,0,1,0,5
7862,0,0,1,0,0,0,1
7863,0,0,1,0,0,0,5
7864,0,0,0,0,1,0,5
7865,0,0,1,0,0,0,5
7866,0,0,0,0,1,0,4
7867,0,0,0,0,1,0,5
7868,0,0,0,0,1,0,5
7870,0,0,1,0,0,0,6
7871,0,0,1,0,1,0,4
7872,0,1,0,0,0,0,5
7874,0,0,0,0,1,0,5
7875,0,0,0,0,1,0,6
7877,0,0,1,0,0,0,5
7878,0,0,0,0,0,1,1
7881,0,0,0,0,1,0,5
7882,0,0,0,0,0,1,5
7884,0,0,0,0,1,0,6
7888,0,0,0,0,1,0,6
7889,0,0,0,0,1,0,5
7891,0,0,0,0,1,0,4
7892,0,0,1,0,0,0,5
7894,0,0,0,0,1,0,6
7895,0,0,1,0,0,0,4
7898,0,0,0,0,1,0,1
7900,1,0,0,0,0,0,5
7903,0,0,0,0,1,0,5
7904,0,0,0,0,1,0,5
7905,0,0,0,0,1,0,5
7908,0,0,0,0,1,0,4
7909,0,0,1,0,0,0,5
7911,0,0,0,0,1,0,5
7912,0,0,0,0,1,0,5
7913,0,0,0,0,1,0,5
7916,0,0,0,0,0,1,5
7918,0,0,0,0,0,1,2
7922,0,0,0,0,1,0,4
7925,0,0,0,0,1,0,4
7934,0,0,0,0,1,0,5
7935,0,0,0,0,1,0,5
7942,0,1,0,1,0,0,5
7945,0,0,0,0,1,0,5
7947,0,0,0,0,1,0,4
7948,0,0,0,0,1,0,4
7949,0,0,1,0,0,0,5
7950,0,0,0,0,1,0,5
7961,0,0,0,0,1,0,5
7962,0,0,0,0,1,0,5
7964,0,1,0,0,0,0,5
7966,0,0,1,0,0,0,5
7967,0,0,0,0,1,0,5
7969,0,0,0,0,1,0,1
7970,0,0,0,0,1,0,1
7974,0,0,1,0,0,0,4
7975,0,0,1,0,0,0,5
7976,0,0,1,0,0,0,5
7985,0,0,1,0,0,0,1
7990,0,0,0,0,1,0,1
7991,0,0,1,0,0,0,6
7995,0,1,0,0,0,0,5
8001,0,0,1,0,0,0,5
8002,0,0,0,0,1,0,5
8003,0,0,1,0,0,0,5
8006,0,0,0,0,1,0,5
8008,0,0,1,0,0,0,5
8009,0,0,0,0,0,1,3
8014,0,0,0,0,1,0,5
8016,0,0,0,0,1,0,5
8018,0,0,0,0,1,0,5
8020,0,0,0,0,1,0,5
8022,0,0,0,0,1,0,5
8023,0,0,0,0,1,0,5
8025,0,0,0,0,1,0,5
8026,0,0,0,0,1,0,5
8028,0,1,0,0,0,0,5
8029,0,0,0,0,1,0,6
8032,0,0,1,0,1,1,5
8036,0,0,0,0,0,1,5
8040,0,0,0,0,1,0,5
8047,0,0,0,0,1,0,3
8049,0,0,0,0,1,0,6
8051,0,0,0,0,1,0,5
8053,0,0,0,0,0,1,5
8057,0,1,0,0,0,0,5
8059,0,0,1,0,0,0,5
8062,0,0,0,0,0,1,5
8064,0,0,0,0,1,0,4
8068,0,0,0,0,1,0,5
8070,0,0,0,0,1,0,4
8075,0,1,0,0,0,0,5
8076,0,0,0,0,1,0,3
8078,0,0,0,0,1,0,5
8080,0,0,0,0,1,0,5
8081,0,0,0,1,0,0,1
8083,0,0,0,0,1,0,5
8085,0,0,0,0,1,0,5
8086,0,0,0,0,1,0,5
8088,0,0,0,0,1,0,5
8089,0,0,0,0,1,0,5
8090,0,1,0,0,0,0,5
8092,0,0,0,0,1,0,5
8094,0,0,0,0,1,0,5
8096,0,0,0,0,1,0,5
8097,0,1,0,0,0,0,5
8099,0,0,0,0,1,0,5
8101,0,0,0,0,1,0,5
8103,0,0,0,0,1,0,5
8104,0,0,0,0,1,0,1
8105,0,0,0,0,1,0,5
8107,0,1,0,0,0,0,6
8112,0,0,0,0,0,1,5
8113,0,0,0,0,0,1,5
8114,0,0,1,0,0,0,5
8119,0,0,0,0,1,0,4
8121,0,0,1,0,0,0,5
8122,0,0,0,0,1,0,5
8130,0,0,0,0,1,0,5
8131,0,0,1,0,0,0,5
8133,0,0,1,0,0,0,6
8134,0,0,0,0,1,0,5
8136,0,0,1,0,0,0,5
8137,0,0,0,0,1,0,5
8139,0,0,1,0,0,0,5
8140,0,0,0,0,1,0,6
8144,0,0,1,0,0,0,5
8145,0,0,0,0,1,0,5
8149,0,0,1,0,0,0,5
8153,0,0,0,0,1,0,2
8155,0,0,1,0,0,0,5
8158,0,0,1,0,0,0,3
8160,0,0,0,0,1,0,2
8164,0,1,0,0,0,0,5
8169,0,0,1,0,0,0,4
8171,0,0,0,0,1,0,5
8172,0,0,0,0,1,0,4
8175,0,1,0,0,0,0,5
8176,0,0,1,0,0,0,5
8177,0,0,0,0,1,0,5
8180,0,0,0,0,1,0,6
8187,0,0,0,0,0,1,5
8189,0,0,0,0,1,0,2
8195,0,0,0,0,1,0,4
8198,0,0,1,0,0,1,5
8199,0,0,0,0,1,0,5
8207,0,0,0,0,1,0,5
8211,0,0,1,0,0,0,5
8214,0,0,0,0,1,0,5
8219,0,0,0,0,1,0,4
8221,0,0,0,0,1,0,6
8222,0,0,0,0,1,0,4
8226,0,0,0,0,1,0,5
8229,0,1,0,0,0,0,5
8231,0,0,0,0,1,0,5
8234,0,0,1,0,0,0,5
8235,0,0,0,0,1,0,5
8237,0,0,1,0,0,0,5
8240,0,0,0,0,0,1,4
8241,0,0,1,0,0,0,5
8244,0,0,0,0,0,1,5
8246,0,0,1,0,0,0,5
8247,0,0,0,0,1,0,6
8250,0,0,0,0,1,0,5
8255,0,0,0,0,0,1,5
8256,0,1,0,0,0,0,1
8268,0,0,0,0,1,0,6
8269,0,0,1,0,0,0,5
8270,0,0,0,0,1,0,5
8273,0,0,1,0,0,0,5
8274,0,0,0,0,1,0,5
8278,0,0,0,0,1,0,5
8282,0,0,0,0,1,0,4
